[12:02:21] HELLO has been disbanded for SELF
[12:02:23] edsthilaire121 has joined HELLO kingdom.
[12:02:23] A kingdom named HELLO has been created for edsthilaire121
[12:02:24] java.lang.NullPointerException: Cannot invoke "org.dynmap.markers.MarkerSet.findAreaMarker(String)" because "markerSet" is null
	at Kingdoms-Addon-Map Viewers-3.1.0.2.jar//org.kingdoms.services.maps.dynmap.ServiceDynmap.createLandMarkers(ServiceDynmap.java:140)
	at Kingdoms-Addon-Map Viewers-3.1.0.2.jar//org.kingdoms.services.maps.MapLandManager.createAreas(MapLandManager.java:89)
	at Kingdoms-Addon-Map Viewers-3.1.0.2.jar//org.kingdoms.services.maps.MapLandManager.createAreasFromWorlds(MapLandManager.java:54)
	at Kingdoms-Addon-Map Viewers-3.1.0.2.jar//org.kingdoms.services.maps.MapServiceProvider.updateLands(MapServiceProvider.java:99)
	at Kingdoms-Addon-Map Viewers-3.1.0.2.jar//org.kingdoms.services.maps.ServiceMap.updateLands(ServiceMap.java:310)
	at Kingdoms-Addon-Map Viewers-3.1.0.2.jar//org.kingdoms.services.maps.ServiceMap.lambda$loadMarkersSettings$1(ServiceMap.java:93)
	at Kingdoms-Addon-Map Viewers-3.1.0.2.jar//org.kingdoms.services.maps.abstraction.markersets.MarkerListenerType$Kingdoms.onUpdate(MarkerListenerType.java:38)
	at Kingdoms-Addon-Map Viewers-3.1.0.2.jar//org.kingdoms.services.maps.ServiceMap.updateLands(ServiceMap.java:203)
	at Kingdoms-Addon-Map Viewers-3.1.0.2.jar//org.kingdoms.services.maps.MapEventHandlers.lambda$updateKingdomLands$0(MapEventHandlers.java:72)
	at KingdomsX-1.17.20-BETA.jar//org.kingdoms.scheduler.TaskScheduler.delayed(TaskScheduler.java:36)
	at Kingdoms-Addon-Map Viewers-3.1.0.2.jar//org.kingdoms.services.maps.MapEventHandlers.updateKingdomLands(MapEventHandlers.java:72)
	at Kingdoms-Addon-Map Viewers-3.1.0.2.jar//org.kingdoms.services.maps.MapEventHandlers.onKingdomCreate(MapEventHandlers.java:67)
	at co.aikar.timings.TimedEventExecutor.execute(TimedEventExecutor.java:80)
	at org.bukkit.plugin.RegisteredListener.callEvent(RegisteredListener.java:71)
	at io.papermc.paper.plugin.manager.PaperEventManager.callEvent(PaperEventManager.java:54)
	at io.papermc.paper.plugin.manager.PaperPluginManagerImpl.callEvent(PaperPluginManagerImpl.java:131)
	at org.bukkit.plugin.SimplePluginManager.callEvent(SimplePluginManager.java:628)
	at KingdomsX-1.17.20-BETA.jar//org.kingdoms.constants.group.Kingdom.<init>(Kingdom.java:206)
	at KingdomsX-1.17.20-BETA.jar//org.kingdoms.commands.general.others.CommandCreate.execute(CommandCreate.java:90)
	at KingdomsX-1.17.20-BETA.jar//org.kingdoms.commands.KingdomsCommandHandler.a(KingdomsCommandHandler.java:444)
	at KingdomsX-1.17.20-BETA.jar//org.kingdoms.commands.KingdomsCommandHandler.a(KingdomsCommandHandler.java:401)
	at KingdomsX-1.17.20-BETA.jar//org.kingdoms.commands.KingdomsCommandHandler.handle(KingdomsCommandHandler.java:391)
	at KingdomsX-1.17.20-BETA.jar//org.kingdoms.commands.KingdomsCommandHandler.onCommand(KingdomsCommandHandler.java:470)
	at org.bukkit.command.PluginCommand.execute(PluginCommand.java:45)
	at io.papermc.paper.command.brigadier.bukkit.BukkitCommandNode$BukkitBrigCommand.run(BukkitCommandNode.java:83)
	at com.mojang.brigadier.context.ContextChain.runExecutable(ContextChain.java:73)
	at net.minecraft.commands.execution.tasks.ExecuteCommand.execute(ExecuteCommand.java:30)
	at net.minecraft.commands.execution.tasks.ExecuteCommand.execute(ExecuteCommand.java:13)
	at net.minecraft.commands.execution.UnboundEntryAction.lambda$bind$0(UnboundEntryAction.java:8)
	at net.minecraft.commands.execution.CommandQueueEntry.execute(CommandQueueEntry.java:5)
	at net.minecraft.commands.execution.ExecutionContext.runCommandQueue(ExecutionContext.java:105)
	at net.minecraft.commands.Commands.executeCommandInContext(Commands.java:451)
	at net.minecraft.commands.Commands.performCommand(Commands.java:357)
	at net.minecraft.commands.Commands.performCommand(Commands.java:345)
	at net.minecraft.server.network.ServerGamePacketListenerImpl.performUnsignedChatCommand(ServerGamePacketListenerImpl.java:2313)
	at net.minecraft.server.network.ServerGamePacketListenerImpl.lambda$handleChatCommand$12(ServerGamePacketListenerImpl.java:2286)
	at net.minecraft.server.TickTask.run(TickTask.java:18)
	at net.minecraft.util.thread.BlockableEventLoop.doRunTask(BlockableEventLoop.java:155)
	at net.minecraft.util.thread.ReentrantBlockableEventLoop.doRunTask(ReentrantBlockableEventLoop.java:24)
	at net.minecraft.server.MinecraftServer.doRunTask(MinecraftServer.java:1449)
	at net.minecraft.server.MinecraftServer.doRunTask(MinecraftServer.java:176)
	at net.minecraft.util.thread.BlockableEventLoop.pollTask(BlockableEventLoop.java:129)
	at net.minecraft.server.MinecraftServer.pollTaskInternal(MinecraftServer.java:1429)
	at net.minecraft.server.MinecraftServer.pollTask(MinecraftServer.java:1423)
	at net.minecraft.util.thread.BlockableEventLoop.managedBlock(BlockableEventLoop.java:139)
	at net.minecraft.server.MinecraftServer.managedBlock(MinecraftServer.java:1380)
	at net.minecraft.server.MinecraftServer.waitUntilNextTick(MinecraftServer.java:1388)
	at net.minecraft.server.MinecraftServer.runServer(MinecraftServer.java:1265)
	at net.minecraft.server.MinecraftServer.lambda$spin$2(MinecraftServer.java:310)
	at java.base/java.lang.Thread.run(Thread.java:1583)
----------------------------------------------------------
[12:02:24] java.lang.NullPointerException: Cannot invoke "org.dynmap.markers.MarkerSet.findAreaMarker(String)" because "markerSet" is null
	at Kingdoms-Addon-Map Viewers-3.1.0.2.jar//org.kingdoms.services.maps.dynmap.ServiceDynmap.createLandMarkers(ServiceDynmap.java:140)
	at Kingdoms-Addon-Map Viewers-3.1.0.2.jar//org.kingdoms.services.maps.MapLandManager.createAreas(MapLandManager.java:89)
	at Kingdoms-Addon-Map Viewers-3.1.0.2.jar//org.kingdoms.services.maps.MapLandManager.createAreasFromWorlds(MapLandManager.java:54)
	at Kingdoms-Addon-Map Viewers-3.1.0.2.jar//org.kingdoms.services.maps.MapServiceProvider.updateLands(MapServiceProvider.java:99)
	at Kingdoms-Addon-Map Viewers-3.1.0.2.jar//org.kingdoms.services.maps.ServiceMap.updateLands(ServiceMap.java:310)
	at Kingdoms-Addon-Map Viewers-3.1.0.2.jar//org.kingdoms.services.maps.ServiceMap.lambda$loadMarkersSettings$1(ServiceMap.java:93)
	at Kingdoms-Addon-Map Viewers-3.1.0.2.jar//org.kingdoms.services.maps.abstraction.markersets.MarkerListenerType$Kingdoms.onUpdate(MarkerListenerType.java:38)
	at Kingdoms-Addon-Map Viewers-3.1.0.2.jar//org.kingdoms.services.maps.ServiceMap.updateLands(ServiceMap.java:203)
	at Kingdoms-Addon-Map Viewers-3.1.0.2.jar//org.kingdoms.services.maps.MapEventHandlers.lambda$updateKingdomLands$0(MapEventHandlers.java:72)
	at KingdomsX-1.17.20-BETA.jar//org.kingdoms.scheduler.TaskScheduler.delayed(TaskScheduler.java:36)
	at Kingdoms-Addon-Map Viewers-3.1.0.2.jar//org.kingdoms.services.maps.MapEventHandlers.updateKingdomLands(MapEventHandlers.java:72)
	at Kingdoms-Addon-Map Viewers-3.1.0.2.jar//org.kingdoms.services.maps.MapEventHandlers.updateGroup(MapEventHandlers.java:86)
	at Kingdoms-Addon-Map Viewers-3.1.0.2.jar//org.kingdoms.services.maps.MapEventHandlers.onJoinEvent(MapEventHandlers.java:113)
	at co.aikar.timings.TimedEventExecutor.execute(TimedEventExecutor.java:80)
	at org.bukkit.plugin.RegisteredListener.callEvent(RegisteredListener.java:71)
	at io.papermc.paper.plugin.manager.PaperEventManager.callEvent(PaperEventManager.java:54)
	at io.papermc.paper.plugin.manager.PaperPluginManagerImpl.callEvent(PaperPluginManagerImpl.java:131)
	at org.bukkit.plugin.SimplePluginManager.callEvent(SimplePluginManager.java:628)
	at KingdomsX-1.17.20-BETA.jar//org.kingdoms.constants.player.KingdomPlayer.joinKingdom(KingdomPlayer.java:344)
	at KingdomsX-1.17.20-BETA.jar//org.kingdoms.constants.player.KingdomPlayer.joinKingdom(KingdomPlayer.java:334)
	at KingdomsX-1.17.20-BETA.jar//org.kingdoms.constants.group.Kingdom.<init>(Kingdom.java:197)
	at KingdomsX-1.17.20-BETA.jar//org.kingdoms.commands.general.others.CommandCreate.execute(CommandCreate.java:90)
	at KingdomsX-1.17.20-BETA.jar//org.kingdoms.commands.KingdomsCommandHandler.a(KingdomsCommandHandler.java:444)
	at KingdomsX-1.17.20-BETA.jar//org.kingdoms.commands.KingdomsCommandHandler.a(KingdomsCommandHandler.java:401)
	at KingdomsX-1.17.20-BETA.jar//org.kingdoms.commands.KingdomsCommandHandler.handle(KingdomsCommandHandler.java:391)
	at KingdomsX-1.17.20-BETA.jar//org.kingdoms.commands.KingdomsCommandHandler.onCommand(KingdomsCommandHandler.java:470)
	at org.bukkit.command.PluginCommand.execute(PluginCommand.java:45)
	at io.papermc.paper.command.brigadier.bukkit.BukkitCommandNode$BukkitBrigCommand.run(BukkitCommandNode.java:83)
	at com.mojang.brigadier.context.ContextChain.runExecutable(ContextChain.java:73)
	at net.minecraft.commands.execution.tasks.ExecuteCommand.execute(ExecuteCommand.java:30)
	at net.minecraft.commands.execution.tasks.ExecuteCommand.execute(ExecuteCommand.java:13)
	at net.minecraft.commands.execution.UnboundEntryAction.lambda$bind$0(UnboundEntryAction.java:8)
	at net.minecraft.commands.execution.CommandQueueEntry.execute(CommandQueueEntry.java:5)
	at net.minecraft.commands.execution.ExecutionContext.runCommandQueue(ExecutionContext.java:105)
	at net.minecraft.commands.Commands.executeCommandInContext(Commands.java:451)
	at net.minecraft.commands.Commands.performCommand(Commands.java:357)
	at net.minecraft.commands.Commands.performCommand(Commands.java:345)
	at net.minecraft.server.network.ServerGamePacketListenerImpl.performUnsignedChatCommand(ServerGamePacketListenerImpl.java:2313)
	at net.minecraft.server.network.ServerGamePacketListenerImpl.lambda$handleChatCommand$12(ServerGamePacketListenerImpl.java:2286)
	at net.minecraft.server.TickTask.run(TickTask.java:18)
	at net.minecraft.util.thread.BlockableEventLoop.doRunTask(BlockableEventLoop.java:155)
	at net.minecraft.util.thread.ReentrantBlockableEventLoop.doRunTask(ReentrantBlockableEventLoop.java:24)
	at net.minecraft.server.MinecraftServer.doRunTask(MinecraftServer.java:1449)
	at net.minecraft.server.MinecraftServer.doRunTask(MinecraftServer.java:176)
	at net.minecraft.util.thread.BlockableEventLoop.pollTask(BlockableEventLoop.java:129)
	at net.minecraft.server.MinecraftServer.pollTaskInternal(MinecraftServer.java:1429)
	at net.minecraft.server.MinecraftServer.pollTask(MinecraftServer.java:1423)
	at net.minecraft.util.thread.BlockableEventLoop.managedBlock(BlockableEventLoop.java:139)
	at net.minecraft.server.MinecraftServer.managedBlock(MinecraftServer.java:1380)
	at net.minecraft.server.MinecraftServer.waitUntilNextTick(MinecraftServer.java:1388)
	at net.minecraft.server.MinecraftServer.runServer(MinecraftServer.java:1265)
	at net.minecraft.server.MinecraftServer.lambda$spin$2(MinecraftServer.java:310)
	at java.base/java.lang.Thread.run(Thread.java:1583)
----------------------------------------------------------
[12:02:24] java.lang.NullPointerException: Cannot invoke "org.dynmap.markers.MarkerSet.findAreaMarker(String)" because "markerSet" is null
	at Kingdoms-Addon-Map Viewers-3.1.0.2.jar//org.kingdoms.services.maps.dynmap.ServiceDynmap.createLandMarkers(ServiceDynmap.java:140)
	at Kingdoms-Addon-Map Viewers-3.1.0.2.jar//org.kingdoms.services.maps.MapLandManager.createAreas(MapLandManager.java:89)
	at Kingdoms-Addon-Map Viewers-3.1.0.2.jar//org.kingdoms.services.maps.MapLandManager.createAreasFromWorlds(MapLandManager.java:54)
	at Kingdoms-Addon-Map Viewers-3.1.0.2.jar//org.kingdoms.services.maps.MapServiceProvider.updateLands(MapServiceProvider.java:99)
	at Kingdoms-Addon-Map Viewers-3.1.0.2.jar//org.kingdoms.services.maps.ServiceMap.updateLands(ServiceMap.java:310)
	at Kingdoms-Addon-Map Viewers-3.1.0.2.jar//org.kingdoms.services.maps.ServiceMap.lambda$loadMarkersSettings$1(ServiceMap.java:93)
	at Kingdoms-Addon-Map Viewers-3.1.0.2.jar//org.kingdoms.services.maps.abstraction.markersets.MarkerListenerType$Kingdoms.onUpdate(MarkerListenerType.java:38)
	at Kingdoms-Addon-Map Viewers-3.1.0.2.jar//org.kingdoms.services.maps.ServiceMap.updateLands(ServiceMap.java:203)
	at Kingdoms-Addon-Map Viewers-3.1.0.2.jar//org.kingdoms.services.maps.MapEventHandlers.lambda$updateKingdomLands$0(MapEventHandlers.java:72)
	at KingdomsX-1.17.20-BETA.jar//org.kingdoms.scheduler.TaskScheduler.delayed(TaskScheduler.java:36)
	at Kingdoms-Addon-Map Viewers-3.1.0.2.jar//org.kingdoms.services.maps.MapEventHandlers.updateKingdomLands(MapEventHandlers.java:72)
	at Kingdoms-Addon-Map Viewers-3.1.0.2.jar//org.kingdoms.services.maps.MapEventHandlers.onClaim(MapEventHandlers.java:56)
	at co.aikar.timings.TimedEventExecutor.execute(TimedEventExecutor.java:80)
	at org.bukkit.plugin.RegisteredListener.callEvent(RegisteredListener.java:71)
	at io.papermc.paper.plugin.manager.PaperEventManager.callEvent(PaperEventManager.java:54)
	at io.papermc.paper.plugin.manager.PaperPluginManagerImpl.callEvent(PaperPluginManagerImpl.java:131)
	at org.bukkit.plugin.SimplePluginManager.callEvent(SimplePluginManager.java:628)
	at KingdomsX-1.17.20-BETA.jar//org.kingdoms.constants.group.Kingdom.claim(Kingdom.java:430)
	at KingdomsX-1.17.20-BETA.jar//org.kingdoms.commands.general.others.CommandCreate.execute(CommandCreate.java:143)
	at KingdomsX-1.17.20-BETA.jar//org.kingdoms.commands.KingdomsCommandHandler.a(KingdomsCommandHandler.java:444)
	at KingdomsX-1.17.20-BETA.jar//org.kingdoms.commands.KingdomsCommandHandler.a(KingdomsCommandHandler.java:401)
	at KingdomsX-1.17.20-BETA.jar//org.kingdoms.commands.KingdomsCommandHandler.handle(KingdomsCommandHandler.java:391)
	at KingdomsX-1.17.20-BETA.jar//org.kingdoms.commands.KingdomsCommandHandler.onCommand(KingdomsCommandHandler.java:470)
	at org.bukkit.command.PluginCommand.execute(PluginCommand.java:45)
	at io.papermc.paper.command.brigadier.bukkit.BukkitCommandNode$BukkitBrigCommand.run(BukkitCommandNode.java:83)
	at com.mojang.brigadier.context.ContextChain.runExecutable(ContextChain.java:73)
	at net.minecraft.commands.execution.tasks.ExecuteCommand.execute(ExecuteCommand.java:30)
	at net.minecraft.commands.execution.tasks.ExecuteCommand.execute(ExecuteCommand.java:13)
	at net.minecraft.commands.execution.UnboundEntryAction.lambda$bind$0(UnboundEntryAction.java:8)
	at net.minecraft.commands.execution.CommandQueueEntry.execute(CommandQueueEntry.java:5)
	at net.minecraft.commands.execution.ExecutionContext.runCommandQueue(ExecutionContext.java:105)
	at net.minecraft.commands.Commands.executeCommandInContext(Commands.java:451)
	at net.minecraft.commands.Commands.performCommand(Commands.java:357)
	at net.minecraft.commands.Commands.performCommand(Commands.java:345)
	at net.minecraft.server.network.ServerGamePacketListenerImpl.performUnsignedChatCommand(ServerGamePacketListenerImpl.java:2313)
	at net.minecraft.server.network.ServerGamePacketListenerImpl.lambda$handleChatCommand$12(ServerGamePacketListenerImpl.java:2286)
	at net.minecraft.server.TickTask.run(TickTask.java:18)
	at net.minecraft.util.thread.BlockableEventLoop.doRunTask(BlockableEventLoop.java:155)
	at net.minecraft.util.thread.ReentrantBlockableEventLoop.doRunTask(ReentrantBlockableEventLoop.java:24)
	at net.minecraft.server.MinecraftServer.doRunTask(MinecraftServer.java:1449)
	at net.minecraft.server.MinecraftServer.doRunTask(MinecraftServer.java:176)
	at net.minecraft.util.thread.BlockableEventLoop.pollTask(BlockableEventLoop.java:129)
	at net.minecraft.server.MinecraftServer.pollTaskInternal(MinecraftServer.java:1429)
	at net.minecraft.server.MinecraftServer.pollTask(MinecraftServer.java:1423)
	at net.minecraft.util.thread.BlockableEventLoop.managedBlock(BlockableEventLoop.java:139)
	at net.minecraft.server.MinecraftServer.managedBlock(MinecraftServer.java:1380)
	at net.minecraft.server.MinecraftServer.waitUntilNextTick(MinecraftServer.java:1388)
	at net.minecraft.server.MinecraftServer.runServer(MinecraftServer.java:1265)
	at net.minecraft.server.MinecraftServer.lambda$spin$2(MinecraftServer.java:310)
	at java.base/java.lang.Thread.run(Thread.java:1583)
----------------------------------------------------------
[12:02:25] edsthilaire121 has changed their kingdom HELLO pacifism state: false


[10:07:12] Starting daily checks services...
[10:07:12] Timezone: Etc/UTC
[10:07:12] Cycle time: 12:00
[10:07:12] Last perform: null
[10:07:12] [ProlongedTask/daily checks] Triggered reminder. Next: 1 day(s), 07:07:12
[10:08:20] Plugin disabled


[10:10:03] Starting daily checks services...
[10:10:03] Timezone: Etc/UTC
[10:10:03] Cycle time: 12:00
[10:10:03] Last perform: null
[10:10:03] [ProlongedTask/daily checks] Triggered reminder. Next: 1 day(s), 07:10:03
[10:27:02] HELLO has been disbanded for SELF
[10:27:05] edsthilaire121 has joined HELLO kingdom.
[10:27:05] A kingdom named HELLO has been created for edsthilaire121
[10:27:06] java.lang.NullPointerException: Cannot invoke "org.dynmap.markers.MarkerSet.findAreaMarker(String)" because "markerSet" is null[10:27:06] 
	at Kingdoms-Addon-Map Viewers-3.1.0.2.jar//org.kingdoms.services.maps.dynmap.ServiceDynmap.createLandMarkers(ServiceDynmap.java:140)
	at Kingdoms-Addon-Map Viewers-3.1.0.2.jar//org.kingdoms.services.maps.MapLandManager.createAreas(MapLandManager.java:89)
	at Kingdoms-Addon-Map Viewers-3.1.0.2.jar//org.kingdoms.services.maps.MapLandManager.createAreasFromWorlds(MapLandManager.java:54)
	at Kingdoms-Addon-Map Viewers-3.1.0.2.jar//org.kingdoms.services.maps.MapServiceProvider.updateLands(MapServiceProvider.java:99)
	at Kingdoms-Addon-Map Viewers-3.1.0.2.jar//org.kingdoms.services.maps.ServiceMap.updateLands(ServiceMap.java:310)
	at Kingdoms-Addon-Map Viewers-3.1.0.2.jar//org.kingdoms.services.maps.ServiceMap.lambda$loadMarkersSettings$1(ServiceMap.java:93)
	at Kingdoms-Addon-Map Viewers-3.1.0.2.jar//org.kingdoms.services.maps.abstraction.markersets.MarkerListenerType$Kingdoms.onUpdate(MarkerListenerType.java:38)
	at Kingdoms-Addon-Map Viewers-3.1.0.2.jar//org.kingdoms.services.maps.ServiceMap.updateLands(ServiceMap.java:203)
	at Kingdoms-Addon-Map Viewers-3.1.0.2.jar//org.kingdoms.services.maps.MapEventHandlers.lambda$updateKingdomLands$0(MapEventHandlers.java:72)
	at KingdomsX-1.17.20-BETA.jar//org.kingdoms.scheduler.TaskScheduler.delayed(TaskScheduler.java:36)
	at Kingdoms-Addon-Map Viewers-3.1.0.2.jar//org.kingdoms.services.maps.MapEventHandlers.updateKingdomLands(MapEventHandlers.java:72)
	at Kingdoms-Addon-Map Viewers-3.1.0.2.jar//org.kingdoms.services.maps.MapEventHandlers.updateGroup(MapEventHandlers.java:86)
	at Kingdoms-Addon-Map Viewers-3.1.0.2.jar//org.kingdoms.services.maps.MapEventHandlers.onJoinEvent(MapEventHandlers.java:113)
	at co.aikar.timings.TimedEventExecutor.execute(TimedEventExecutor.java:80)
	at org.bukkit.plugin.RegisteredListener.callEvent(RegisteredListener.java:71)
	at io.papermc.paper.plugin.manager.PaperEventManager.callEvent(PaperEventManager.java:54)
	at io.papermc.paper.plugin.manager.PaperPluginManagerImpl.callEvent(PaperPluginManagerImpl.java:131)
	at org.bukkit.plugin.SimplePluginManager.callEvent(SimplePluginManager.java:628)
	at KingdomsX-1.17.20-BETA.jar//org.kingdoms.constants.player.KingdomPlayer.joinKingdom(KingdomPlayer.java:344)
	at KingdomsX-1.17.20-BETA.jar//org.kingdoms.constants.player.KingdomPlayer.joinKingdom(KingdomPlayer.java:334)
	at KingdomsX-1.17.20-BETA.jar//org.kingdoms.constants.group.Kingdom.<init>(Kingdom.java:197)
	at KingdomsX-1.17.20-BETA.jar//org.kingdoms.commands.general.others.CommandCreate.execute(CommandCreate.java:90)
	at KingdomsX-1.17.20-BETA.jar//org.kingdoms.commands.KingdomsCommandHandler.a(KingdomsCommandHandler.java:444)
	at KingdomsX-1.17.20-BETA.jar//org.kingdoms.commands.KingdomsCommandHandler.a(KingdomsCommandHandler.java:401)
	at KingdomsX-1.17.20-BETA.jar//org.kingdoms.commands.KingdomsCommandHandler.handle(KingdomsCommandHandler.java:391)
	at KingdomsX-1.17.20-BETA.jar//org.kingdoms.commands.KingdomsCommandHandler.onCommand(KingdomsCommandHandler.java:470)
	at org.bukkit.command.PluginCommand.execute(PluginCommand.java:45)
	at io.papermc.paper.command.brigadier.bukkit.BukkitCommandNode$BukkitBrigCommand.run(BukkitCommandNode.java:83)
	at com.mojang.brigadier.context.ContextChain.runExecutable(ContextChain.java:73)
	at net.minecraft.commands.execution.tasks.ExecuteCommand.execute(ExecuteCommand.java:30)
	at net.minecraft.commands.execution.tasks.ExecuteCommand.execute(ExecuteCommand.java:13)
	at net.minecraft.commands.execution.UnboundEntryAction.lambda$bind$0(UnboundEntryAction.java:8)
	at net.minecraft.commands.execution.CommandQueueEntry.execute(CommandQueueEntry.java:5)
	at net.minecraft.commands.execution.ExecutionContext.runCommandQueue(ExecutionContext.java:105)
	at net.minecraft.commands.Commands.executeCommandInContext(Commands.java:451)
	at net.minecraft.commands.Commands.performCommand(Commands.java:357)
	at net.minecraft.commands.Commands.performCommand(Commands.java:345)
	at net.minecraft.server.network.ServerGamePacketListenerImpl.performUnsignedChatCommand(ServerGamePacketListenerImpl.java:2313)
	at net.minecraft.server.network.ServerGamePacketListenerImpl.lambda$handleChatCommand$12(ServerGamePacketListenerImpl.java:2286)
	at net.minecraft.server.TickTask.run(TickTask.java:18)
	at net.minecraft.util.thread.BlockableEventLoop.doRunTask(BlockableEventLoop.java:155)
	at net.minecraft.util.thread.ReentrantBlockableEventLoop.doRunTask(ReentrantBlockableEventLoop.java:24)
	at net.minecraft.server.MinecraftServer.doRunTask(MinecraftServer.java:1449)
	at net.minecraft.server.MinecraftServer.doRunTask(MinecraftServer.java:176)
	at net.minecraft.util.thread.BlockableEventLoop.pollTask(BlockableEventLoop.java:129)
	at net.minecraft.server.MinecraftServer.pollTaskInternal(MinecraftServer.java:1429)
	at net.minecraft.server.MinecraftServer.pollTask(MinecraftServer.java:1423)
	at net.minecraft.util.thread.BlockableEventLoop.managedBlock(BlockableEventLoop.java:139)
	at net.minecraft.server.MinecraftServer.managedBlock(MinecraftServer.java:1380)
	at net.minecraft.server.MinecraftServer.waitUntilNextTick(MinecraftServer.java:1388)
	at net.minecraft.server.MinecraftServer.runServer(MinecraftServer.java:1265)
	at net.minecraft.server.MinecraftServer.lambda$spin$2(MinecraftServer.java:310)
	at java.base/java.lang.Thread.run(Thread.java:1583)
----------------------------------------------------------
java.lang.NullPointerException: Cannot invoke "org.dynmap.markers.MarkerSet.findAreaMarker(String)" because "markerSet" is null
	at Kingdoms-Addon-Map Viewers-3.1.0.2.jar//org.kingdoms.services.maps.dynmap.ServiceDynmap.createLandMarkers(ServiceDynmap.java:140)
	at Kingdoms-Addon-Map Viewers-3.1.0.2.jar//org.kingdoms.services.maps.MapLandManager.createAreas(MapLandManager.java:89)
	at Kingdoms-Addon-Map Viewers-3.1.0.2.jar//org.kingdoms.services.maps.MapLandManager.createAreasFromWorlds(MapLandManager.java:54)
	at Kingdoms-Addon-Map Viewers-3.1.0.2.jar//org.kingdoms.services.maps.MapServiceProvider.updateLands(MapServiceProvider.java:99)
	at Kingdoms-Addon-Map Viewers-3.1.0.2.jar//org.kingdoms.services.maps.ServiceMap.updateLands(ServiceMap.java:310)
	at Kingdoms-Addon-Map Viewers-3.1.0.2.jar//org.kingdoms.services.maps.ServiceMap.lambda$loadMarkersSettings$1(ServiceMap.java:93)
	at Kingdoms-Addon-Map Viewers-3.1.0.2.jar//org.kingdoms.services.maps.abstraction.markersets.MarkerListenerType$Kingdoms.onUpdate(MarkerListenerType.java:38)
	at Kingdoms-Addon-Map Viewers-3.1.0.2.jar//org.kingdoms.services.maps.ServiceMap.updateLands(ServiceMap.java:203)
	at Kingdoms-Addon-Map Viewers-3.1.0.2.jar//org.kingdoms.services.maps.MapEventHandlers.lambda$updateKingdomLands$0(MapEventHandlers.java:72)
	at KingdomsX-1.17.20-BETA.jar//org.kingdoms.scheduler.TaskScheduler.delayed(TaskScheduler.java:36)
	at Kingdoms-Addon-Map Viewers-3.1.0.2.jar//org.kingdoms.services.maps.MapEventHandlers.updateKingdomLands(MapEventHandlers.java:72)
	at Kingdoms-Addon-Map Viewers-3.1.0.2.jar//org.kingdoms.services.maps.MapEventHandlers.onClaim(MapEventHandlers.java:56)
	at co.aikar.timings.TimedEventExecutor.execute(TimedEventExecutor.java:80)
	at org.bukkit.plugin.RegisteredListener.callEvent(RegisteredListener.java:71)
	at io.papermc.paper.plugin.manager.PaperEventManager.callEvent(PaperEventManager.java:54)
	at io.papermc.paper.plugin.manager.PaperPluginManagerImpl.callEvent(PaperPluginManagerImpl.java:131)
	at org.bukkit.plugin.SimplePluginManager.callEvent(SimplePluginManager.java:628)
	at KingdomsX-1.17.20-BETA.jar//org.kingdoms.constants.group.Kingdom.claim(Kingdom.java:430)
	at KingdomsX-1.17.20-BETA.jar//org.kingdoms.commands.general.others.CommandCreate.execute(CommandCreate.java:143)
	at KingdomsX-1.17.20-BETA.jar//org.kingdoms.commands.KingdomsCommandHandler.a(KingdomsCommandHandler.java:444)
	at KingdomsX-1.17.20-BETA.jar//org.kingdoms.commands.KingdomsCommandHandler.a(KingdomsCommandHandler.java:401)
	at KingdomsX-1.17.20-BETA.jar//org.kingdoms.commands.KingdomsCommandHandler.handle(KingdomsCommandHandler.java:391)
	at KingdomsX-1.17.20-BETA.jar//org.kingdoms.commands.KingdomsCommandHandler.onCommand(KingdomsCommandHandler.java:470)
	at org.bukkit.command.PluginCommand.execute(PluginCommand.java:45)
	at io.papermc.paper.command.brigadier.bukkit.BukkitCommandNode$BukkitBrigCommand.run(BukkitCommandNode.java:83)
	at com.mojang.brigadier.context.ContextChain.runExecutable(ContextChain.java:73)
	at net.minecraft.commands.execution.tasks.ExecuteCommand.execute(ExecuteCommand.java:30)
	at net.minecraft.commands.execution.tasks.ExecuteCommand.execute(ExecuteCommand.java:13)
	at net.minecraft.commands.execution.UnboundEntryAction.lambda$bind$0(UnboundEntryAction.java:8)
	at net.minecraft.commands.execution.CommandQueueEntry.execute(CommandQueueEntry.java:5)
	at net.minecraft.commands.execution.ExecutionContext.runCommandQueue(ExecutionContext.java:105)
	at net.minecraft.commands.Commands.executeCommandInContext(Commands.java:451)
	at net.minecraft.commands.Commands.performCommand(Commands.java:357)
	at net.minecraft.commands.Commands.performCommand(Commands.java:345)
	at net.minecraft.server.network.ServerGamePacketListenerImpl.performUnsignedChatCommand(ServerGamePacketListenerImpl.java:2313)
	at net.minecraft.server.network.ServerGamePacketListenerImpl.lambda$handleChatCommand$12(ServerGamePacketListenerImpl.java:2286)
	at net.minecraft.server.TickTask.run(TickTask.java:18)
	at net.minecraft.util.thread.BlockableEventLoop.doRunTask(BlockableEventLoop.java:155)
	at net.minecraft.util.thread.ReentrantBlockableEventLoop.doRunTask(ReentrantBlockableEventLoop.java:24)
	at net.minecraft.server.MinecraftServer.doRunTask(MinecraftServer.java:1449)
	at net.minecraft.server.MinecraftServer.doRunTask(MinecraftServer.java:176)
	at net.minecraft.util.thread.BlockableEventLoop.pollTask(BlockableEventLoop.java:129)
	at net.minecraft.server.MinecraftServer.pollTaskInternal(MinecraftServer.java:1429)
	at net.minecraft.server.MinecraftServer.pollTask(MinecraftServer.java:1423)
	at net.minecraft.util.thread.BlockableEventLoop.managedBlock(BlockableEventLoop.java:139)
	at net.minecraft.server.MinecraftServer.managedBlock(MinecraftServer.java:1380)
	at net.minecraft.server.MinecraftServer.waitUntilNextTick(MinecraftServer.java:1388)
	at net.minecraft.server.MinecraftServer.runServer(MinecraftServer.java:1265)
	at net.minecraft.server.MinecraftServer.lambda$spin$2(MinecraftServer.java:310)
	at java.base/java.lang.Thread.run(Thread.java:1583)
----------------------------------------------------------
[10:27:06] java.lang.NullPointerException: Cannot invoke "org.dynmap.markers.MarkerSet.findAreaMarker(String)" because "markerSet" is null
	at Kingdoms-Addon-Map Viewers-3.1.0.2.jar//org.kingdoms.services.maps.dynmap.ServiceDynmap.createLandMarkers(ServiceDynmap.java:140)
	at Kingdoms-Addon-Map Viewers-3.1.0.2.jar//org.kingdoms.services.maps.MapLandManager.createAreas(MapLandManager.java:89)
	at Kingdoms-Addon-Map Viewers-3.1.0.2.jar//org.kingdoms.services.maps.MapLandManager.createAreasFromWorlds(MapLandManager.java:54)
	at Kingdoms-Addon-Map Viewers-3.1.0.2.jar//org.kingdoms.services.maps.MapServiceProvider.updateLands(MapServiceProvider.java:99)
	at Kingdoms-Addon-Map Viewers-3.1.0.2.jar//org.kingdoms.services.maps.ServiceMap.updateLands(ServiceMap.java:310)
	at Kingdoms-Addon-Map Viewers-3.1.0.2.jar//org.kingdoms.services.maps.ServiceMap.lambda$loadMarkersSettings$1(ServiceMap.java:93)
	at Kingdoms-Addon-Map Viewers-3.1.0.2.jar//org.kingdoms.services.maps.abstraction.markersets.MarkerListenerType$Kingdoms.onUpdate(MarkerListenerType.java:38)
	at Kingdoms-Addon-Map Viewers-3.1.0.2.jar//org.kingdoms.services.maps.ServiceMap.updateLands(ServiceMap.java:203)
	at Kingdoms-Addon-Map Viewers-3.1.0.2.jar//org.kingdoms.services.maps.MapEventHandlers.lambda$updateKingdomLands$0(MapEventHandlers.java:72)
	at KingdomsX-1.17.20-BETA.jar//org.kingdoms.scheduler.TaskScheduler.delayed(TaskScheduler.java:36)
	at Kingdoms-Addon-Map Viewers-3.1.0.2.jar//org.kingdoms.services.maps.MapEventHandlers.updateKingdomLands(MapEventHandlers.java:72)
	at Kingdoms-Addon-Map Viewers-3.1.0.2.jar//org.kingdoms.services.maps.MapEventHandlers.onKingdomCreate(MapEventHandlers.java:67)
	at co.aikar.timings.TimedEventExecutor.execute(TimedEventExecutor.java:80)
	at org.bukkit.plugin.RegisteredListener.callEvent(RegisteredListener.java:71)
	at io.papermc.paper.plugin.manager.PaperEventManager.callEvent(PaperEventManager.java:54)
	at io.papermc.paper.plugin.manager.PaperPluginManagerImpl.callEvent(PaperPluginManagerImpl.java:131)
	at org.bukkit.plugin.SimplePluginManager.callEvent(SimplePluginManager.java:628)
	at KingdomsX-1.17.20-BETA.jar//org.kingdoms.constants.group.Kingdom.<init>(Kingdom.java:206)
	at KingdomsX-1.17.20-BETA.jar//org.kingdoms.commands.general.others.CommandCreate.execute(CommandCreate.java:90)
	at KingdomsX-1.17.20-BETA.jar//org.kingdoms.commands.KingdomsCommandHandler.a(KingdomsCommandHandler.java:444)
	at KingdomsX-1.17.20-BETA.jar//org.kingdoms.commands.KingdomsCommandHandler.a(KingdomsCommandHandler.java:401)
	at KingdomsX-1.17.20-BETA.jar//org.kingdoms.commands.KingdomsCommandHandler.handle(KingdomsCommandHandler.java:391)
	at KingdomsX-1.17.20-BETA.jar//org.kingdoms.commands.KingdomsCommandHandler.onCommand(KingdomsCommandHandler.java:470)
	at org.bukkit.command.PluginCommand.execute(PluginCommand.java:45)
	at io.papermc.paper.command.brigadier.bukkit.BukkitCommandNode$BukkitBrigCommand.run(BukkitCommandNode.java:83)
	at com.mojang.brigadier.context.ContextChain.runExecutable(ContextChain.java:73)
	at net.minecraft.commands.execution.tasks.ExecuteCommand.execute(ExecuteCommand.java:30)
	at net.minecraft.commands.execution.tasks.ExecuteCommand.execute(ExecuteCommand.java:13)
	at net.minecraft.commands.execution.UnboundEntryAction.lambda$bind$0(UnboundEntryAction.java:8)
	at net.minecraft.commands.execution.CommandQueueEntry.execute(CommandQueueEntry.java:5)
	at net.minecraft.commands.execution.ExecutionContext.runCommandQueue(ExecutionContext.java:105)
	at net.minecraft.commands.Commands.executeCommandInContext(Commands.java:451)
	at net.minecraft.commands.Commands.performCommand(Commands.java:357)
	at net.minecraft.commands.Commands.performCommand(Commands.java:345)
	at net.minecraft.server.network.ServerGamePacketListenerImpl.performUnsignedChatCommand(ServerGamePacketListenerImpl.java:2313)
	at net.minecraft.server.network.ServerGamePacketListenerImpl.lambda$handleChatCommand$12(ServerGamePacketListenerImpl.java:2286)
	at net.minecraft.server.TickTask.run(TickTask.java:18)
	at net.minecraft.util.thread.BlockableEventLoop.doRunTask(BlockableEventLoop.java:155)
	at net.minecraft.util.thread.ReentrantBlockableEventLoop.doRunTask(ReentrantBlockableEventLoop.java:24)
	at net.minecraft.server.MinecraftServer.doRunTask(MinecraftServer.java:1449)
	at net.minecraft.server.MinecraftServer.doRunTask(MinecraftServer.java:176)
	at net.minecraft.util.thread.BlockableEventLoop.pollTask(BlockableEventLoop.java:129)
	at net.minecraft.server.MinecraftServer.pollTaskInternal(MinecraftServer.java:1429)
	at net.minecraft.server.MinecraftServer.pollTask(MinecraftServer.java:1423)
	at net.minecraft.util.thread.BlockableEventLoop.managedBlock(BlockableEventLoop.java:139)
	at net.minecraft.server.MinecraftServer.managedBlock(MinecraftServer.java:1380)
	at net.minecraft.server.MinecraftServer.waitUntilNextTick(MinecraftServer.java:1388)
	at net.minecraft.server.MinecraftServer.runServer(MinecraftServer.java:1265)
	at net.minecraft.server.MinecraftServer.lambda$spin$2(MinecraftServer.java:310)
	at java.base/java.lang.Thread.run(Thread.java:1583)
----------------------------------------------------------
[10:27:07] edsthilaire121 has changed their kingdom HELLO pacifism state: false
[10:29:45] HELLO has been disbanded for SELF
[10:29:58] edsthilaire121 has joined GPT kingdom.
[10:29:58] A kingdom named GPT has been created for edsthilaire121
[10:29:59] java.lang.NullPointerException: Cannot invoke "org.dynmap.markers.MarkerSet.findAreaMarker(String)" because "markerSet" is null
	at Kingdoms-Addon-Map Viewers-3.1.0.2.jar//org.kingdoms.services.maps.dynmap.ServiceDynmap.createLandMarkers(ServiceDynmap.java:140)
	at Kingdoms-Addon-Map Viewers-3.1.0.2.jar//org.kingdoms.services.maps.MapLandManager.createAreas(MapLandManager.java:89)
	at Kingdoms-Addon-Map Viewers-3.1.0.2.jar//org.kingdoms.services.maps.MapLandManager.createAreasFromWorlds(MapLandManager.java:54)
	at Kingdoms-Addon-Map Viewers-3.1.0.2.jar//org.kingdoms.services.maps.MapServiceProvider.updateLands(MapServiceProvider.java:99)
	at Kingdoms-Addon-Map Viewers-3.1.0.2.jar//org.kingdoms.services.maps.ServiceMap.updateLands(ServiceMap.java:310)
	at Kingdoms-Addon-Map Viewers-3.1.0.2.jar//org.kingdoms.services.maps.ServiceMap.lambda$loadMarkersSettings$1(ServiceMap.java:93)
	at Kingdoms-Addon-Map Viewers-3.1.0.2.jar//org.kingdoms.services.maps.abstraction.markersets.MarkerListenerType$Kingdoms.onUpdate(MarkerListenerType.java:38)
	at Kingdoms-Addon-Map Viewers-3.1.0.2.jar//org.kingdoms.services.maps.ServiceMap.updateLands(ServiceMap.java:203)
	at Kingdoms-Addon-Map Viewers-3.1.0.2.jar//org.kingdoms.services.maps.MapEventHandlers.lambda$updateKingdomLands$0(MapEventHandlers.java:72)
	at KingdomsX-1.17.20-BETA.jar//org.kingdoms.scheduler.TaskScheduler.delayed(TaskScheduler.java:36)
	at Kingdoms-Addon-Map Viewers-3.1.0.2.jar//org.kingdoms.services.maps.MapEventHandlers.updateKingdomLands(MapEventHandlers.java:72)
	at Kingdoms-Addon-Map Viewers-3.1.0.2.jar//org.kingdoms.services.maps.MapEventHandlers.onKingdomCreate(MapEventHandlers.java:67)
	at co.aikar.timings.TimedEventExecutor.execute(TimedEventExecutor.java:80)
	at org.bukkit.plugin.RegisteredListener.callEvent(RegisteredListener.java:71)
	at io.papermc.paper.plugin.manager.PaperEventManager.callEvent(PaperEventManager.java:54)
	at io.papermc.paper.plugin.manager.PaperPluginManagerImpl.callEvent(PaperPluginManagerImpl.java:131)
	at org.bukkit.plugin.SimplePluginManager.callEvent(SimplePluginManager.java:628)
	at KingdomsX-1.17.20-BETA.jar//org.kingdoms.constants.group.Kingdom.<init>(Kingdom.java:206)
	at KingdomsX-1.17.20-BETA.jar//org.kingdoms.commands.general.others.CommandCreate.execute(CommandCreate.java:90)
	at KingdomsX-1.17.20-BETA.jar//org.kingdoms.commands.KingdomsCommandHandler.a(KingdomsCommandHandler.java:444)
	at KingdomsX-1.17.20-BETA.jar//org.kingdoms.commands.KingdomsCommandHandler.a(KingdomsCommandHandler.java:401)
	at KingdomsX-1.17.20-BETA.jar//org.kingdoms.commands.KingdomsCommandHandler.handle(KingdomsCommandHandler.java:391)
[10:29:59] 	at KingdomsX-1.17.20-BETA.jar//org.kingdoms.commands.KingdomsCommandHandler.onCommand(KingdomsCommandHandler.java:470)
	at org.bukkit.command.PluginCommand.execute(PluginCommand.java:45)
	at io.papermc.paper.command.brigadier.bukkit.BukkitCommandNode$BukkitBrigCommand.run(BukkitCommandNode.java:83)
	at com.mojang.brigadier.context.ContextChain.runExecutable(ContextChain.java:73)
	at net.minecraft.commands.execution.tasks.ExecuteCommand.execute(ExecuteCommand.java:30)
	at net.minecraft.commands.execution.tasks.ExecuteCommand.execute(ExecuteCommand.java:13)
	at net.minecraft.commands.execution.UnboundEntryAction.lambda$bind$0(UnboundEntryAction.java:8)
	at net.minecraft.commands.execution.CommandQueueEntry.execute(CommandQueueEntry.java:5)
	at net.minecraft.commands.execution.ExecutionContext.runCommandQueue(ExecutionContext.java:105)
	at net.minecraft.commands.Commands.executeCommandInContext(Commands.java:451)
	at net.minecraft.commands.Commands.performCommand(Commands.java:357)
	at net.minecraft.commands.Commands.performCommand(Commands.java:345)
	at net.minecraft.server.network.ServerGamePacketListenerImpl.performUnsignedChatCommand(ServerGamePacketListenerImpl.java:2313)
	at net.minecraft.server.network.ServerGamePacketListenerImpl.lambda$handleChatCommand$12(ServerGamePacketListenerImpl.java:2286)
	at net.minecraft.server.TickTask.run(TickTask.java:18)
	at net.minecraft.util.thread.BlockableEventLoop.doRunTask(BlockableEventLoop.java:155)
	at net.minecraft.util.thread.ReentrantBlockableEventLoop.doRunTask(ReentrantBlockableEventLoop.java:24)
	at net.minecraft.server.MinecraftServer.doRunTask(MinecraftServer.java:1449)
	at net.minecraft.server.MinecraftServer.doRunTask(MinecraftServer.java:176)
	at net.minecraft.util.thread.BlockableEventLoop.pollTask(BlockableEventLoop.java:129)
	at net.minecraft.server.MinecraftServer.pollTaskInternal(MinecraftServer.java:1429)
	at net.minecraft.server.MinecraftServer.pollTask(MinecraftServer.java:1423)
	at net.minecraft.util.thread.BlockableEventLoop.managedBlock(BlockableEventLoop.java:139)
	at net.minecraft.server.MinecraftServer.managedBlock(MinecraftServer.java:1380)
	at net.minecraft.server.MinecraftServer.waitUntilNextTick(MinecraftServer.java:1388)
	at net.minecraft.server.MinecraftServer.runServer(MinecraftServer.java:1265)
	at net.minecraft.server.MinecraftServer.lambda$spin$2(MinecraftServer.java:310)
	at java.base/java.lang.Thread.run(Thread.java:1583)
----------------------------------------------------------
java.lang.NullPointerException: Cannot invoke "org.dynmap.markers.MarkerSet.findAreaMarker(String)" because "markerSet" is null
	at Kingdoms-Addon-Map Viewers-3.1.0.2.jar//org.kingdoms.services.maps.dynmap.ServiceDynmap.createLandMarkers(ServiceDynmap.java:140)
	at Kingdoms-Addon-Map Viewers-3.1.0.2.jar//org.kingdoms.services.maps.MapLandManager.createAreas(MapLandManager.java:89)
	at Kingdoms-Addon-Map Viewers-3.1.0.2.jar//org.kingdoms.services.maps.MapLandManager.createAreasFromWorlds(MapLandManager.java:54)
	at Kingdoms-Addon-Map Viewers-3.1.0.2.jar//org.kingdoms.services.maps.MapServiceProvider.updateLands(MapServiceProvider.java:99)
	at Kingdoms-Addon-Map Viewers-3.1.0.2.jar//org.kingdoms.services.maps.ServiceMap.updateLands(ServiceMap.java:310)
	at Kingdoms-Addon-Map Viewers-3.1.0.2.jar//org.kingdoms.services.maps.ServiceMap.lambda$loadMarkersSettings$1(ServiceMap.java:93)
	at Kingdoms-Addon-Map Viewers-3.1.0.2.jar//org.kingdoms.services.maps.abstraction.markersets.MarkerListenerType$Kingdoms.onUpdate(MarkerListenerType.java:38)
	at Kingdoms-Addon-Map Viewers-3.1.0.2.jar//org.kingdoms.services.maps.ServiceMap.updateLands(ServiceMap.java:203)
	at Kingdoms-Addon-Map Viewers-3.1.0.2.jar//org.kingdoms.services.maps.MapEventHandlers.lambda$updateKingdomLands$0(MapEventHandlers.java:72)
	at KingdomsX-1.17.20-BETA.jar//org.kingdoms.scheduler.TaskScheduler.delayed(TaskScheduler.java:36)
	at Kingdoms-Addon-Map Viewers-3.1.0.2.jar//org.kingdoms.services.maps.MapEventHandlers.updateKingdomLands(MapEventHandlers.java:72)
	at Kingdoms-Addon-Map Viewers-3.1.0.2.jar//org.kingdoms.services.maps.MapEventHandlers.updateGroup(MapEventHandlers.java:86)
	at Kingdoms-Addon-Map Viewers-3.1.0.2.jar//org.kingdoms.services.maps.MapEventHandlers.onJoinEvent(MapEventHandlers.java:113)
	at co.aikar.timings.TimedEventExecutor.execute(TimedEventExecutor.java:80)
	at org.bukkit.plugin.RegisteredListener.callEvent(RegisteredListener.java:71)
	at io.papermc.paper.plugin.manager.PaperEventManager.callEvent(PaperEventManager.java:54)
	at io.papermc.paper.plugin.manager.PaperPluginManagerImpl.callEvent(PaperPluginManagerImpl.java:131)
	at org.bukkit.plugin.SimplePluginManager.callEvent(SimplePluginManager.java:628)
	at KingdomsX-1.17.20-BETA.jar//org.kingdoms.constants.player.KingdomPlayer.joinKingdom(KingdomPlayer.java:344)
	at KingdomsX-1.17.20-BETA.jar//org.kingdoms.constants.player.KingdomPlayer.joinKingdom(KingdomPlayer.java:334)
	at KingdomsX-1.17.20-BETA.jar//org.kingdoms.constants.group.Kingdom.<init>(Kingdom.java:197)
	at KingdomsX-1.17.20-BETA.jar//org.kingdoms.commands.general.others.CommandCreate.execute(CommandCreate.java:90)
	at KingdomsX-1.17.20-BETA.jar//org.kingdoms.commands.KingdomsCommandHandler.a(KingdomsCommandHandler.java:444)
	at KingdomsX-1.17.20-BETA.jar//org.kingdoms.commands.KingdomsCommandHandler.a(KingdomsCommandHandler.java:401)
	at KingdomsX-1.17.20-BETA.jar//org.kingdoms.commands.KingdomsCommandHandler.handle(KingdomsCommandHandler.java:391)
	at KingdomsX-1.17.20-BETA.jar//org.kingdoms.commands.KingdomsCommandHandler.onCommand(KingdomsCommandHandler.java:470)
	at org.bukkit.command.PluginCommand.execute(PluginCommand.java:45)
	at io.papermc.paper.command.brigadier.bukkit.BukkitCommandNode$BukkitBrigCommand.run(BukkitCommandNode.java:83)
	at com.mojang.brigadier.context.ContextChain.runExecutable(ContextChain.java:73)
	at net.minecraft.commands.execution.tasks.ExecuteCommand.execute(ExecuteCommand.java:30)
	at net.minecraft.commands.execution.tasks.ExecuteCommand.execute(ExecuteCommand.java:13)
	at net.minecraft.commands.execution.UnboundEntryAction.lambda$bind$0(UnboundEntryAction.java:8)
	at net.minecraft.commands.execution.CommandQueueEntry.execute(CommandQueueEntry.java:5)
	at net.minecraft.commands.execution.ExecutionContext.runCommandQueue(ExecutionContext.java:105)
	at net.minecraft.commands.Commands.executeCommandInContext(Commands.java:451)
	at net.minecraft.commands.Commands.performCommand(Commands.java:357)
	at net.minecraft.commands.Commands.performCommand(Commands.java:345)
	at net.minecraft.server.network.ServerGamePacketListenerImpl.performUnsignedChatCommand(ServerGamePacketListenerImpl.java:2313)
	at net.minecraft.server.network.ServerGamePacketListenerImpl.lambda$handleChatCommand$12(ServerGamePacketListenerImpl.java:2286)
	at net.minecraft.server.TickTask.run(TickTask.java:18)
	at net.minecraft.util.thread.BlockableEventLoop.doRunTask(BlockableEventLoop.java:155)
	at net.minecraft.util.thread.ReentrantBlockableEventLoop.doRunTask(ReentrantBlockableEventLoop.java:24)
	at net.minecraft.server.MinecraftServer.doRunTask(MinecraftServer.java:1449)
	at net.minecraft.server.MinecraftServer.doRunTask(MinecraftServer.java:176)
	at net.minecraft.util.thread.BlockableEventLoop.pollTask(BlockableEventLoop.java:129)
	at net.minecraft.server.MinecraftServer.pollTaskInternal(MinecraftServer.java:1429)
	at net.minecraft.server.MinecraftServer.pollTask(MinecraftServer.java:1423)
	at net.minecraft.util.thread.BlockableEventLoop.managedBlock(BlockableEventLoop.java:139)
	at net.minecraft.server.MinecraftServer.managedBlock(MinecraftServer.java:1380)
	at net.minecraft.server.MinecraftServer.waitUntilNextTick(MinecraftServer.java:1388)
	at net.minecraft.server.MinecraftServer.runServer(MinecraftServer.java:1265)
	at net.minecraft.server.MinecraftServer.lambda$spin$2(MinecraftServer.java:310)
	at java.base/java.lang.Thread.run(Thread.java:1583)
----------------------------------------------------------
[10:29:59] java.lang.NullPointerException: Cannot invoke "org.dynmap.markers.MarkerSet.findAreaMarker(String)" because "markerSet" is null
	at Kingdoms-Addon-Map Viewers-3.1.0.2.jar//org.kingdoms.services.maps.dynmap.ServiceDynmap.createLandMarkers(ServiceDynmap.java:140)
	at Kingdoms-Addon-Map Viewers-3.1.0.2.jar//org.kingdoms.services.maps.MapLandManager.createAreas(MapLandManager.java:89)
	at Kingdoms-Addon-Map Viewers-3.1.0.2.jar//org.kingdoms.services.maps.MapLandManager.createAreasFromWorlds(MapLandManager.java:54)
	at Kingdoms-Addon-Map Viewers-3.1.0.2.jar//org.kingdoms.services.maps.MapServiceProvider.updateLands(MapServiceProvider.java:99)
	at Kingdoms-Addon-Map Viewers-3.1.0.2.jar//org.kingdoms.services.maps.ServiceMap.updateLands(ServiceMap.java:310)
	at Kingdoms-Addon-Map Viewers-3.1.0.2.jar//org.kingdoms.services.maps.ServiceMap.lambda$loadMarkersSettings$1(ServiceMap.java:93)
	at Kingdoms-Addon-Map Viewers-3.1.0.2.jar//org.kingdoms.services.maps.abstraction.markersets.MarkerListenerType$Kingdoms.onUpdate(MarkerListenerType.java:38)
	at Kingdoms-Addon-Map Viewers-3.1.0.2.jar//org.kingdoms.services.maps.ServiceMap.updateLands(ServiceMap.java:203)
	at Kingdoms-Addon-Map Viewers-3.1.0.2.jar//org.kingdoms.services.maps.MapEventHandlers.lambda$updateKingdomLands$0(MapEventHandlers.java:72)
	at KingdomsX-1.17.20-BETA.jar//org.kingdoms.scheduler.TaskScheduler.delayed(TaskScheduler.java:36)
	at Kingdoms-Addon-Map Viewers-3.1.0.2.jar//org.kingdoms.services.maps.MapEventHandlers.updateKingdomLands(MapEventHandlers.java:72)
	at Kingdoms-Addon-Map Viewers-3.1.0.2.jar//org.kingdoms.services.maps.MapEventHandlers.onClaim(MapEventHandlers.java:56)
	at co.aikar.timings.TimedEventExecutor.execute(TimedEventExecutor.java:80)
	at org.bukkit.plugin.RegisteredListener.callEvent(RegisteredListener.java:71)
	at io.papermc.paper.plugin.manager.PaperEventManager.callEvent(PaperEventManager.java:54)
	at io.papermc.paper.plugin.manager.PaperPluginManagerImpl.callEvent(PaperPluginManagerImpl.java:131)
	at org.bukkit.plugin.SimplePluginManager.callEvent(SimplePluginManager.java:628)
	at KingdomsX-1.17.20-BETA.jar//org.kingdoms.constants.group.Kingdom.claim(Kingdom.java:430)
	at KingdomsX-1.17.20-BETA.jar//org.kingdoms.commands.general.others.CommandCreate.execute(CommandCreate.java:143)
	at KingdomsX-1.17.20-BETA.jar//org.kingdoms.commands.KingdomsCommandHandler.a(KingdomsCommandHandler.java:444)
	at KingdomsX-1.17.20-BETA.jar//org.kingdoms.commands.KingdomsCommandHandler.a(KingdomsCommandHandler.java:401)
	at KingdomsX-1.17.20-BETA.jar//org.kingdoms.commands.KingdomsCommandHandler.handle(KingdomsCommandHandler.java:391)
	at KingdomsX-1.17.20-BETA.jar//org.kingdoms.commands.KingdomsCommandHandler.onCommand(KingdomsCommandHandler.java:470)
	at org.bukkit.command.PluginCommand.execute(PluginCommand.java:45)
	at io.papermc.paper.command.brigadier.bukkit.BukkitCommandNode$BukkitBrigCommand.run(BukkitCommandNode.java:83)
	at com.mojang.brigadier.context.ContextChain.runExecutable(ContextChain.java:73)
	at net.minecraft.commands.execution.tasks.ExecuteCommand.execute(ExecuteCommand.java:30)
	at net.minecraft.commands.execution.tasks.ExecuteCommand.execute(ExecuteCommand.java:13)
	at net.minecraft.commands.execution.UnboundEntryAction.lambda$bind$0(UnboundEntryAction.java:8)
	at net.minecraft.commands.execution.CommandQueueEntry.execute(CommandQueueEntry.java:5)
	at net.minecraft.commands.execution.ExecutionContext.runCommandQueue(ExecutionContext.java:105)
	at net.minecraft.commands.Commands.executeCommandInContext(Commands.java:451)
	at net.minecraft.commands.Commands.performCommand(Commands.java:357)
	at net.minecraft.commands.Commands.performCommand(Commands.java:345)
	at net.minecraft.server.network.ServerGamePacketListenerImpl.performUnsignedChatCommand(ServerGamePacketListenerImpl.java:2313)
	at net.minecraft.server.network.ServerGamePacketListenerImpl.lambda$handleChatCommand$12(ServerGamePacketListenerImpl.java:2286)
	at net.minecraft.server.TickTask.run(TickTask.java:18)
	at net.minecraft.util.thread.BlockableEventLoop.doRunTask(BlockableEventLoop.java:155)
	at net.minecraft.util.thread.ReentrantBlockableEventLoop.doRunTask(ReentrantBlockableEventLoop.java:24)
	at net.minecraft.server.MinecraftServer.doRunTask(MinecraftServer.java:1449)
	at net.minecraft.server.MinecraftServer.doRunTask(MinecraftServer.java:176)
	at net.minecraft.util.thread.BlockableEventLoop.pollTask(BlockableEventLoop.java:129)
	at net.minecraft.server.MinecraftServer.pollTaskInternal(MinecraftServer.java:1429)
	at net.minecraft.server.MinecraftServer.pollTask(MinecraftServer.java:1423)
	at net.minecraft.util.thread.BlockableEventLoop.managedBlock(BlockableEventLoop.java:139)
	at net.minecraft.server.MinecraftServer.managedBlock(MinecraftServer.java:1380)
	at net.minecraft.server.MinecraftServer.waitUntilNextTick(MinecraftServer.java:1388)
	at net.minecraft.server.MinecraftServer.runServer(MinecraftServer.java:1265)
	at net.minecraft.server.MinecraftServer.lambda$spin$2(MinecraftServer.java:310)
	at java.base/java.lang.Thread.run(Thread.java:1583)
----------------------------------------------------------
[10:30:01] edsthilaire121 has changed their kingdom GPT pacifism state: true
[10:30:55] GPT has been disbanded for SELF
[10:31:00] edsthilaire121 has joined GPT kingdom.
[10:31:00] A kingdom named GPT has been created for edsthilaire121
[10:31:01] java.lang.NullPointerException: Cannot invoke "org.dynmap.markers.MarkerSet.findAreaMarker(String)" because "markerSet" is null
	at Kingdoms-Addon-Map Viewers-3.1.0.2.jar//org.kingdoms.services.maps.dynmap.ServiceDynmap.createLandMarkers(ServiceDynmap.java:140)
	at Kingdoms-Addon-Map Viewers-3.1.0.2.jar//org.kingdoms.services.maps.MapLandManager.createAreas(MapLandManager.java:89)
	at Kingdoms-Addon-Map Viewers-3.1.0.2.jar//org.kingdoms.services.maps.MapLandManager.createAreasFromWorlds(MapLandManager.java:54)
	at Kingdoms-Addon-Map Viewers-3.1.0.2.jar//org.kingdoms.services.maps.MapServiceProvider.updateLands(MapServiceProvider.java:99)
	at Kingdoms-Addon-Map Viewers-3.1.0.2.jar//org.kingdoms.services.maps.ServiceMap.updateLands(ServiceMap.java:310)
	at Kingdoms-Addon-Map Viewers-3.1.0.2.jar//org.kingdoms.services.maps.ServiceMap.lambda$loadMarkersSettings$1(ServiceMap.java:93)
	at Kingdoms-Addon-Map Viewers-3.1.0.2.jar//org.kingdoms.services.maps.abstraction.markersets.MarkerListenerType$Kingdoms.onUpdate(MarkerListenerType.java:38)
	at Kingdoms-Addon-Map Viewers-3.1.0.2.jar//org.kingdoms.services.maps.ServiceMap.updateLands(ServiceMap.java:203)
	at Kingdoms-Addon-Map Viewers-3.1.0.2.jar//org.kingdoms.services.maps.MapEventHandlers.lambda$updateKingdomLands$0(MapEventHandlers.java:72)
	at KingdomsX-1.17.20-BETA.jar//org.kingdoms.scheduler.TaskScheduler.delayed(TaskScheduler.java:36)
	at Kingdoms-Addon-Map Viewers-3.1.0.2.jar//org.kingdoms.services.maps.MapEventHandlers.updateKingdomLands(MapEventHandlers.java:72)
	at Kingdoms-Addon-Map Viewers-3.1.0.2.jar//org.kingdoms.services.maps.MapEventHandlers.onKingdomCreate(MapEventHandlers.java:67)
	at co.aikar.timings.TimedEventExecutor.execute(TimedEventExecutor.java:80)
	at org.bukkit.plugin.RegisteredListener.callEvent(RegisteredListener.java:71)
	at io.papermc.paper.plugin.manager.PaperEventManager.callEvent(PaperEventManager.java:54)
	at io.papermc.paper.plugin.manager.PaperPluginManagerImpl.callEvent(PaperPluginManagerImpl.java:131)
	at org.bukkit.plugin.SimplePluginManager.callEvent(SimplePluginManager.java:628)
	at KingdomsX-1.17.20-BETA.jar//org.kingdoms.constants.group.Kingdom.<init>(Kingdom.java:206)
	at KingdomsX-1.17.20-BETA.jar//org.kingdoms.commands.general.others.CommandCreate.execute(CommandCreate.java:90)
	at KingdomsX-1.17.20-BETA.jar//org.kingdoms.commands.KingdomsCommandHandler.a(KingdomsCommandHandler.java:444)
	at KingdomsX-1.17.20-BETA.jar//org.kingdoms.commands.KingdomsCommandHandler.a(KingdomsCommandHandler.java:401)
	at KingdomsX-1.17.20-BETA.jar//org.kingdoms.commands.KingdomsCommandHandler.handle(KingdomsCommandHandler.java:391)
	at KingdomsX-1.17.20-BETA.jar//org.kingdoms.commands.KingdomsCommandHandler.onCommand(KingdomsCommandHandler.java:470)
	at org.bukkit.command.PluginCommand.execute(PluginCommand.java:45)
	at io.papermc.paper.command.brigadier.bukkit.BukkitCommandNode$BukkitBrigCommand.run(BukkitCommandNode.java:83)
	at com.mojang.brigadier.context.ContextChain.runExecutable(ContextChain.java:73)
	at net.minecraft.commands.execution.tasks.ExecuteCommand.execute(ExecuteCommand.java:30)
	at net.minecraft.commands.execution.tasks.ExecuteCommand.execute(ExecuteCommand.java:13)
	at net.minecraft.commands.execution.UnboundEntryAction.lambda$bind$0(UnboundEntryAction.java:8)
	at net.minecraft.commands.execution.CommandQueueEntry.execute(CommandQueueEntry.java:5)
	at net.minecraft.commands.execution.ExecutionContext.runCommandQueue(ExecutionContext.java:105)
	at net.minecraft.commands.Commands.executeCommandInContext(Commands.java:451)
	at net.minecraft.commands.Commands.performCommand(Commands.java:357)
	at net.minecraft.commands.Commands.performCommand(Commands.java:345)
	at net.minecraft.server.network.ServerGamePacketListenerImpl.performUnsignedChatCommand(ServerGamePacketListenerImpl.java:2313)
	at net.minecraft.server.network.ServerGamePacketListenerImpl.lambda$handleChatCommand$12(ServerGamePacketListenerImpl.java:2286)
	at net.minecraft.server.TickTask.run(TickTask.java:18)
	at net.minecraft.util.thread.BlockableEventLoop.doRunTask(BlockableEventLoop.java:155)
	at net.minecraft.util.thread.ReentrantBlockableEventLoop.doRunTask(ReentrantBlockableEventLoop.java:24)
	at net.minecraft.server.MinecraftServer.doRunTask(MinecraftServer.java:1449)
	at net.minecraft.server.MinecraftServer.doRunTask(MinecraftServer.java:176)
	at net.minecraft.util.thread.BlockableEventLoop.pollTask(BlockableEventLoop.java:129)
	at net.minecraft.server.MinecraftServer.pollTaskInternal(MinecraftServer.java:1429)
	at net.minecraft.server.MinecraftServer.pollTask(MinecraftServer.java:1423)
	at net.minecraft.util.thread.BlockableEventLoop.managedBlock(BlockableEventLoop.java:139)
	at net.minecraft.server.MinecraftServer.managedBlock(MinecraftServer.java:1380)
	at net.minecraft.server.MinecraftServer.waitUntilNextTick(MinecraftServer.java:1388)
	at net.minecraft.server.MinecraftServer.runServer(MinecraftServer.java:1265)
	at net.minecraft.server.MinecraftServer.lambda$spin$2(MinecraftServer.java:310)
	at java.base/java.lang.Thread.run(Thread.java:1583)
----------------------------------------------------------
[10:31:01] java.lang.NullPointerException: Cannot invoke "org.dynmap.markers.MarkerSet.findAreaMarker(String)" because "markerSet" is null
	at Kingdoms-Addon-Map Viewers-3.1.0.2.jar//org.kingdoms.services.maps.dynmap.ServiceDynmap.createLandMarkers(ServiceDynmap.java:140)
	at Kingdoms-Addon-Map Viewers-3.1.0.2.jar//org.kingdoms.services.maps.MapLandManager.createAreas(MapLandManager.java:89)
	at Kingdoms-Addon-Map Viewers-3.1.0.2.jar//org.kingdoms.services.maps.MapLandManager.createAreasFromWorlds(MapLandManager.java:54)
	at Kingdoms-Addon-Map Viewers-3.1.0.2.jar//org.kingdoms.services.maps.MapServiceProvider.updateLands(MapServiceProvider.java:99)
	at Kingdoms-Addon-Map Viewers-3.1.0.2.jar//org.kingdoms.services.maps.ServiceMap.updateLands(ServiceMap.java:310)
	at Kingdoms-Addon-Map Viewers-3.1.0.2.jar//org.kingdoms.services.maps.ServiceMap.lambda$loadMarkersSettings$1(ServiceMap.java:93)
	at Kingdoms-Addon-Map Viewers-3.1.0.2.jar//org.kingdoms.services.maps.abstraction.markersets.MarkerListenerType$Kingdoms.onUpdate(MarkerListenerType.java:38)
	at Kingdoms-Addon-Map Viewers-3.1.0.2.jar//org.kingdoms.services.maps.ServiceMap.updateLands(ServiceMap.java:203)
	at Kingdoms-Addon-Map Viewers-3.1.0.2.jar//org.kingdoms.services.maps.MapEventHandlers.lambda$updateKingdomLands$0(MapEventHandlers.java:72)
	at KingdomsX-1.17.20-BETA.jar//org.kingdoms.scheduler.TaskScheduler.delayed(TaskScheduler.java:36)
	at Kingdoms-Addon-Map Viewers-3.1.0.2.jar//org.kingdoms.services.maps.MapEventHandlers.updateKingdomLands(MapEventHandlers.java:72)
	at Kingdoms-Addon-Map Viewers-3.1.0.2.jar//org.kingdoms.services.maps.MapEventHandlers.updateGroup(MapEventHandlers.java:86)
	at Kingdoms-Addon-Map Viewers-3.1.0.2.jar//org.kingdoms.services.maps.MapEventHandlers.onJoinEvent(MapEventHandlers.java:113)
	at co.aikar.timings.TimedEventExecutor.execute(TimedEventExecutor.java:80)
	at org.bukkit.plugin.RegisteredListener.callEvent(RegisteredListener.java:71)
	at io.papermc.paper.plugin.manager.PaperEventManager.callEvent(PaperEventManager.java:54)
	at io.papermc.paper.plugin.manager.PaperPluginManagerImpl.callEvent(PaperPluginManagerImpl.java:131)
	at org.bukkit.plugin.SimplePluginManager.callEvent(SimplePluginManager.java:628)
	at KingdomsX-1.17.20-BETA.jar//org.kingdoms.constants.player.KingdomPlayer.joinKingdom(KingdomPlayer.java:344)
	at KingdomsX-1.17.20-BETA.jar//org.kingdoms.constants.player.KingdomPlayer.joinKingdom(KingdomPlayer.java:334)
	at KingdomsX-1.17.20-BETA.jar//org.kingdoms.constants.group.Kingdom.<init>(Kingdom.java:197)
	at KingdomsX-1.17.20-BETA.jar//org.kingdoms.commands.general.others.CommandCreate.execute(CommandCreate.java:90)
	at KingdomsX-1.17.20-BETA.jar//org.kingdoms.commands.KingdomsCommandHandler.a(KingdomsCommandHandler.java:444)
	at KingdomsX-1.17.20-BETA.jar//org.kingdoms.commands.KingdomsCommandHandler.a(KingdomsCommandHandler.java:401)
	at KingdomsX-1.17.20-BETA.jar//org.kingdoms.commands.KingdomsCommandHandler.handle(KingdomsCommandHandler.java:391)
	at KingdomsX-1.17.20-BETA.jar//org.kingdoms.commands.KingdomsCommandHandler.onCommand(KingdomsCommandHandler.java:470)
	at org.bukkit.command.PluginCommand.execute(PluginCommand.java:45)
	at io.papermc.paper.command.brigadier.bukkit.BukkitCommandNode$BukkitBrigCommand.run(BukkitCommandNode.java:83)
	at com.mojang.brigadier.context.ContextChain.runExecutable(ContextChain.java:73)
	at net.minecraft.commands.execution.tasks.ExecuteCommand.execute(ExecuteCommand.java:30)
	at net.minecraft.commands.execution.tasks.ExecuteCommand.execute(ExecuteCommand.java:13)
	at net.minecraft.commands.execution.UnboundEntryAction.lambda$bind$0(UnboundEntryAction.java:8)
	at net.minecraft.commands.execution.CommandQueueEntry.execute(CommandQueueEntry.java:5)
	at net.minecraft.commands.execution.ExecutionContext.runCommandQueue(ExecutionContext.java:105)
	at net.minecraft.commands.Commands.executeCommandInContext(Commands.java:451)
	at net.minecraft.commands.Commands.performCommand(Commands.java:357)
	at net.minecraft.commands.Commands.performCommand(Commands.java:345)
	at net.minecraft.server.network.ServerGamePacketListenerImpl.performUnsignedChatCommand(ServerGamePacketListenerImpl.java:2313)
	at net.minecraft.server.network.ServerGamePacketListenerImpl.lambda$handleChatCommand$12(ServerGamePacketListenerImpl.java:2286)
	at net.minecraft.server.TickTask.run(TickTask.java:18)
	at net.minecraft.util.thread.BlockableEventLoop.doRunTask(BlockableEventLoop.java:155)
	at net.minecraft.util.thread.ReentrantBlockableEventLoop.doRunTask(ReentrantBlockableEventLoop.java:24)
	at net.minecraft.server.MinecraftServer.doRunTask(MinecraftServer.java:1449)
	at net.minecraft.server.MinecraftServer.doRunTask(MinecraftServer.java:176)
	at net.minecraft.util.thread.BlockableEventLoop.pollTask(BlockableEventLoop.java:129)
	at net.minecraft.server.MinecraftServer.pollTaskInternal(MinecraftServer.java:1429)
	at net.minecraft.server.MinecraftServer.pollTask(MinecraftServer.java:1423)
	at net.minecraft.util.thread.BlockableEventLoop.managedBlock(BlockableEventLoop.java:139)
	at net.minecraft.server.MinecraftServer.managedBlock(MinecraftServer.java:1380)
	at net.minecraft.server.MinecraftServer.waitUntilNextTick(MinecraftServer.java:1388)
	at net.minecraft.server.MinecraftServer.runServer(MinecraftServer.java:1265)
	at net.minecraft.server.MinecraftServer.lambda$spin$2(MinecraftServer.java:310)
	at java.base/java.lang.Thread.run(Thread.java:1583)
----------------------------------------------------------
[10:31:01] java.lang.NullPointerException: Cannot invoke "org.dynmap.markers.MarkerSet.findAreaMarker(String)" because "markerSet" is null
	at Kingdoms-Addon-Map Viewers-3.1.0.2.jar//org.kingdoms.services.maps.dynmap.ServiceDynmap.createLandMarkers(ServiceDynmap.java:140)
	at Kingdoms-Addon-Map Viewers-3.1.0.2.jar//org.kingdoms.services.maps.MapLandManager.createAreas(MapLandManager.java:89)
	at Kingdoms-Addon-Map Viewers-3.1.0.2.jar//org.kingdoms.services.maps.MapLandManager.createAreasFromWorlds(MapLandManager.java:54)
	at Kingdoms-Addon-Map Viewers-3.1.0.2.jar//org.kingdoms.services.maps.MapServiceProvider.updateLands(MapServiceProvider.java:99)
	at Kingdoms-Addon-Map Viewers-3.1.0.2.jar//org.kingdoms.services.maps.ServiceMap.updateLands(ServiceMap.java:310)
	at Kingdoms-Addon-Map Viewers-3.1.0.2.jar//org.kingdoms.services.maps.ServiceMap.lambda$loadMarkersSettings$1(ServiceMap.java:93)
	at Kingdoms-Addon-Map Viewers-3.1.0.2.jar//org.kingdoms.services.maps.abstraction.markersets.MarkerListenerType$Kingdoms.onUpdate(MarkerListenerType.java:38)
	at Kingdoms-Addon-Map Viewers-3.1.0.2.jar//org.kingdoms.services.maps.ServiceMap.updateLands(ServiceMap.java:203)
	at Kingdoms-Addon-Map Viewers-3.1.0.2.jar//org.kingdoms.services.maps.MapEventHandlers.lambda$updateKingdomLands$0(MapEventHandlers.java:72)
	at KingdomsX-1.17.20-BETA.jar//org.kingdoms.scheduler.TaskScheduler.delayed(TaskScheduler.java:36)
	at Kingdoms-Addon-Map Viewers-3.1.0.2.jar//org.kingdoms.services.maps.MapEventHandlers.updateKingdomLands(MapEventHandlers.java:72)
	at Kingdoms-Addon-Map Viewers-3.1.0.2.jar//org.kingdoms.services.maps.MapEventHandlers.onClaim(MapEventHandlers.java:56)
	at co.aikar.timings.TimedEventExecutor.execute(TimedEventExecutor.java:80)
	at org.bukkit.plugin.RegisteredListener.callEvent(RegisteredListener.java:71)
	at io.papermc.paper.plugin.manager.PaperEventManager.callEvent(PaperEventManager.java:54)
	at io.papermc.paper.plugin.manager.PaperPluginManagerImpl.callEvent(PaperPluginManagerImpl.java:131)
	at org.bukkit.plugin.SimplePluginManager.callEvent(SimplePluginManager.java:628)
	at KingdomsX-1.17.20-BETA.jar//org.kingdoms.constants.group.Kingdom.claim(Kingdom.java:430)
	at KingdomsX-1.17.20-BETA.jar//org.kingdoms.commands.general.others.CommandCreate.execute(CommandCreate.java:143)
	at KingdomsX-1.17.20-BETA.jar//org.kingdoms.commands.KingdomsCommandHandler.a(KingdomsCommandHandler.java:444)
	at KingdomsX-1.17.20-BETA.jar//org.kingdoms.commands.KingdomsCommandHandler.a(KingdomsCommandHandler.java:401)
	at KingdomsX-1.17.20-BETA.jar//org.kingdoms.commands.KingdomsCommandHandler.handle(KingdomsCommandHandler.java:391)
	at KingdomsX-1.17.20-BETA.jar//org.kingdoms.commands.KingdomsCommandHandler.onCommand(KingdomsCommandHandler.java:470)
	at org.bukkit.command.PluginCommand.execute(PluginCommand.java:45)
	at io.papermc.paper.command.brigadier.bukkit.BukkitCommandNode$BukkitBrigCommand.run(BukkitCommandNode.java:83)
	at com.mojang.brigadier.context.ContextChain.runExecutable(ContextChain.java:73)
	at net.minecraft.commands.execution.tasks.ExecuteCommand.execute(ExecuteCommand.java:30)
	at net.minecraft.commands.execution.tasks.ExecuteCommand.execute(ExecuteCommand.java:13)
	at net.minecraft.commands.execution.UnboundEntryAction.lambda$bind$0(UnboundEntryAction.java:8)
	at net.minecraft.commands.execution.CommandQueueEntry.execute(CommandQueueEntry.java:5)
	at net.minecraft.commands.execution.ExecutionContext.runCommandQueue(ExecutionContext.java:105)
	at net.minecraft.commands.Commands.executeCommandInContext(Commands.java:451)
	at net.minecraft.commands.Commands.performCommand(Commands.java:357)
	at net.minecraft.commands.Commands.performCommand(Commands.java:345)
	at net.minecraft.server.network.ServerGamePacketListenerImpl.performUnsignedChatCommand(ServerGamePacketListenerImpl.java:2313)
	at net.minecraft.server.network.ServerGamePacketListenerImpl.lambda$handleChatCommand$12(ServerGamePacketListenerImpl.java:2286)
	at net.minecraft.server.TickTask.run(TickTask.java:18)
	at net.minecraft.util.thread.BlockableEventLoop.doRunTask(BlockableEventLoop.java:155)
	at net.minecraft.util.thread.ReentrantBlockableEventLoop.doRunTask(ReentrantBlockableEventLoop.java:24)
	at net.minecraft.server.MinecraftServer.doRunTask(MinecraftServer.java:1449)
	at net.minecraft.server.MinecraftServer.doRunTask(MinecraftServer.java:176)
	at net.minecraft.util.thread.BlockableEventLoop.pollTask(BlockableEventLoop.java:129)
	at net.minecraft.server.MinecraftServer.pollTaskInternal(MinecraftServer.java:1429)
	at net.minecraft.server.MinecraftServer.pollTask(MinecraftServer.java:1423)
	at net.minecraft.util.thread.BlockableEventLoop.managedBlock(BlockableEventLoop.java:139)
	at net.minecraft.server.MinecraftServer.managedBlock(MinecraftServer.java:1380)
	at net.minecraft.server.MinecraftServer.waitUntilNextTick(MinecraftServer.java:1388)
	at net.minecraft.server.MinecraftServer.runServer(MinecraftServer.java:1265)
	at net.minecraft.server.MinecraftServer.lambda$spin$2(MinecraftServer.java:310)
	at java.base/java.lang.Thread.run(Thread.java:1583)
----------------------------------------------------------
[10:31:04] edsthilaire121 has changed their kingdom GPT pacifism state: false
[10:31:26] Plugin disabled


[10:32:52] Starting daily checks services...
[10:32:52] Timezone: Etc/UTC
[10:32:52] Cycle time: 12:00
[10:32:52] Last perform: null
[10:32:52] [ProlongedTask/daily checks] Triggered reminder. Next: 1 day(s), 07:32:52
[10:38:43] java.lang.NullPointerException: Cannot invoke "org.dynmap.markers.MarkerSet.findAreaMarker(String)" because "markerSet" is null
	at Kingdoms-Addon-Map Viewers-3.1.0.2.jar//org.kingdoms.services.maps.dynmap.ServiceDynmap.createLandMarkers(ServiceDynmap.java:140)
	at Kingdoms-Addon-Map Viewers-3.1.0.2.jar//org.kingdoms.services.maps.MapLandManager.createAreas(MapLandManager.java:89)
	at Kingdoms-Addon-Map Viewers-3.1.0.2.jar//org.kingdoms.services.maps.MapLandManager.createAreasFromWorlds(MapLandManager.java:54)
	at Kingdoms-Addon-Map Viewers-3.1.0.2.jar//org.kingdoms.services.maps.MapServiceProvider.updateLands(MapServiceProvider.java:99)
	at Kingdoms-Addon-Map Viewers-3.1.0.2.jar//org.kingdoms.services.maps.ServiceMap.updateLands(ServiceMap.java:310)
	at Kingdoms-Addon-Map Viewers-3.1.0.2.jar//org.kingdoms.services.maps.ServiceMap.fullRender(ServiceMap.java:180)
	at Kingdoms-Addon-Map Viewers-3.1.0.2.jar//org.kingdoms.services.maps.ServiceMap.fullRender(ServiceMap.java:168)
	at Kingdoms-Addon-Map Viewers-3.1.0.2.jar//org.kingdoms.services.maps.CommandAdminDynmap.lambda$execute$0(CommandAdminDynmap.java:51)
	at KingdomsX-1.17.20-BETA.jar//org.kingdoms.scheduler.TaskScheduler.execute(TaskScheduler.java:31)
	at Kingdoms-Addon-Map Viewers-3.1.0.2.jar//org.kingdoms.services.maps.CommandAdminDynmap.lambda$execute$2(CommandAdminDynmap.java:49)
	at KingdomsX-1.17.20-BETA.jar//org.kingdoms.scheduler.traced.TracedFunctionalObject.tracedRun(TracedFunctionalObject.java:37)
	at KingdomsX-1.17.20-BETA.jar//org.kingdoms.scheduler.traced.TracedRunnable.run(TracedRunnable.java:23)
	at KingdomsX-1.17.20-BETA.jar//org.kingdoms.scheduler.convert.UnconsumedRunnable.accept(UnconsumedRunnable.java:16)
	at KingdomsX-1.17.20-BETA.jar//org.kingdoms.scheduler.convert.InjectedConsumerRunnable.run(InjectedConsumerRunnable.java:16)
	at java.base/java.util.concurrent.ForkJoinTask$RunnableExecuteAction.exec(ForkJoinTask.java:1423)
	at java.base/java.util.concurrent.ForkJoinTask.doExec(ForkJoinTask.java:387)
	at java.base/java.util.concurrent.ForkJoinPool$WorkQueue.topLevelExec(ForkJoinPool.java:1312)
	at java.base/java.util.concurrent.ForkJoinPool.scan(ForkJoinPool.java:1843)
	at java.base/java.util.concurrent.ForkJoinPool.runWorker(ForkJoinPool.java:1808)
	at java.base/java.util.concurrent.ForkJoinWorkerThread.run(ForkJoinWorkerThread.java:188)
----------------------------------------------------------
[10:40:12] GPT has been disbanded for SELF
[10:40:20] edsthilaire121 has joined GAME kingdom.
[10:40:20] A kingdom named GAME has been created for edsthilaire121
[10:40:21] java.lang.NullPointerException: Cannot invoke "org.dynmap.markers.MarkerSet.findAreaMarker(String)" because "markerSet" is null
	at Kingdoms-Addon-Map Viewers-3.1.0.2.jar//org.kingdoms.services.maps.dynmap.ServiceDynmap.createLandMarkers(ServiceDynmap.java:140)
	at Kingdoms-Addon-Map Viewers-3.1.0.2.jar//org.kingdoms.services.maps.MapLandManager.createAreas(MapLandManager.java:89)
	at Kingdoms-Addon-Map Viewers-3.1.0.2.jar//org.kingdoms.services.maps.MapLandManager.createAreasFromWorlds(MapLandManager.java:54)
	at Kingdoms-Addon-Map Viewers-3.1.0.2.jar//org.kingdoms.services.maps.MapServiceProvider.updateLands(MapServiceProvider.java:99)
	at Kingdoms-Addon-Map Viewers-3.1.0.2.jar//org.kingdoms.services.maps.ServiceMap.updateLands(ServiceMap.java:310)
	at Kingdoms-Addon-Map Viewers-3.1.0.2.jar//org.kingdoms.services.maps.ServiceMap.lambda$loadMarkersSettings$1(ServiceMap.java:93)
	at Kingdoms-Addon-Map Viewers-3.1.0.2.jar//org.kingdoms.services.maps.abstraction.markersets.MarkerListenerType$Kingdoms.onUpdate(MarkerListenerType.java:38)
	at Kingdoms-Addon-Map Viewers-3.1.0.2.jar//org.kingdoms.services.maps.ServiceMap.updateLands(ServiceMap.java:203)
	at Kingdoms-Addon-Map Viewers-3.1.0.2.jar//org.kingdoms.services.maps.MapEventHandlers.lambda$updateKingdomLands$0(MapEventHandlers.java:72)
	at KingdomsX-1.17.20-BETA.jar//org.kingdoms.scheduler.TaskScheduler.delayed(TaskScheduler.java:36)
	at Kingdoms-Addon-Map Viewers-3.1.0.2.jar//org.kingdoms.services.maps.MapEventHandlers.updateKingdomLands(MapEventHandlers.java:72)
	at Kingdoms-Addon-Map Viewers-3.1.0.2.jar//org.kingdoms.services.maps.MapEventHandlers.onKingdomCreate(MapEventHandlers.java:67)
	at co.aikar.timings.TimedEventExecutor.execute(TimedEventExecutor.java:80)
	at org.bukkit.plugin.RegisteredListener.callEvent(RegisteredListener.java:71)
	at io.papermc.paper.plugin.manager.PaperEventManager.callEvent(PaperEventManager.java:54)
	at io.papermc.paper.plugin.manager.PaperPluginManagerImpl.callEvent(PaperPluginManagerImpl.java:131)
	at org.bukkit.plugin.SimplePluginManager.callEvent(SimplePluginManager.java:628)
	at KingdomsX-1.17.20-BETA.jar//org.kingdoms.constants.group.Kingdom.<init>(Kingdom.java:206)
	at KingdomsX-1.17.20-BETA.jar//org.kingdoms.commands.general.others.CommandCreate.execute(CommandCreate.java:90)
	at KingdomsX-1.17.20-BETA.jar//org.kingdoms.commands.KingdomsCommandHandler.a(KingdomsCommandHandler.java:444)
	at KingdomsX-1.17.20-BETA.jar//org.kingdoms.commands.KingdomsCommandHandler.a(KingdomsCommandHandler.java:401)
	at KingdomsX-1.17.20-BETA.jar//org.kingdoms.commands.KingdomsCommandHandler.handle(KingdomsCommandHandler.java:391)
	at KingdomsX-1.17.20-BETA.jar//org.kingdoms.commands.KingdomsCommandHandler.onCommand(KingdomsCommandHandler.java:470)
	at org.bukkit.command.PluginCommand.execute(PluginCommand.java:45)
	at io.papermc.paper.command.brigadier.bukkit.BukkitCommandNode$BukkitBrigCommand.run(BukkitCommandNode.java:83)
	at com.mojang.brigadier.context.ContextChain.runExecutable(ContextChain.java:73)
	at net.minecraft.commands.execution.tasks.ExecuteCommand.execute(ExecuteCommand.java:30)
	at net.minecraft.commands.execution.tasks.ExecuteCommand.execute(ExecuteCommand.java:13)
	at net.minecraft.commands.execution.UnboundEntryAction.lambda$bind$0(UnboundEntryAction.java:8)
	at net.minecraft.commands.execution.CommandQueueEntry.execute(CommandQueueEntry.java:5)
	at net.minecraft.commands.execution.ExecutionContext.runCommandQueue(ExecutionContext.java:105)
	at net.minecraft.commands.Commands.executeCommandInContext(Commands.java:451)
	at net.minecraft.commands.Commands.performCommand(Commands.java:357)
	at net.minecraft.commands.Commands.performCommand(Commands.java:345)
	at net.minecraft.server.network.ServerGamePacketListenerImpl.performUnsignedChatCommand(ServerGamePacketListenerImpl.java:2313)
	at net.minecraft.server.network.ServerGamePacketListenerImpl.lambda$handleChatCommand$12(ServerGamePacketListenerImpl.java:2286)
	at net.minecraft.server.TickTask.run(TickTask.java:18)
	at net.minecraft.util.thread.BlockableEventLoop.doRunTask(BlockableEventLoop.java:155)
	at net.minecraft.util.thread.ReentrantBlockableEventLoop.doRunTask(ReentrantBlockableEventLoop.java:24)
	at net.minecraft.server.MinecraftServer.doRunTask(MinecraftServer.java:1449)
	at net.minecraft.server.MinecraftServer.doRunTask(MinecraftServer.java:176)
	at net.minecraft.util.thread.BlockableEventLoop.pollTask(BlockableEventLoop.java:129)
	at net.minecraft.server.MinecraftServer.pollTaskInternal(MinecraftServer.java:1429)
	at net.minecraft.server.MinecraftServer.pollTask(MinecraftServer.java:1423)
	at net.minecraft.util.thread.BlockableEventLoop.managedBlock(BlockableEventLoop.java:139)
	at net.minecraft.server.MinecraftServer.managedBlock(MinecraftServer.java:1380)
	at net.minecraft.server.MinecraftServer.waitUntilNextTick(MinecraftServer.java:1388)
	at net.minecraft.server.MinecraftServer.runServer(MinecraftServer.java:1265)
	at net.minecraft.server.MinecraftServer.lambda$spin$2(MinecraftServer.java:310)
	at java.base/java.lang.Thread.run(Thread.java:1583)
----------------------------------------------------------
[10:40:21] java.lang.NullPointerException: Cannot invoke "org.dynmap.markers.MarkerSet.findAreaMarker(String)" because "markerSet" is null
	at Kingdoms-Addon-Map Viewers-3.1.0.2.jar//org.kingdoms.services.maps.dynmap.ServiceDynmap.createLandMarkers(ServiceDynmap.java:140)
	at Kingdoms-Addon-Map Viewers-3.1.0.2.jar//org.kingdoms.services.maps.MapLandManager.createAreas(MapLandManager.java:89)
	at Kingdoms-Addon-Map Viewers-3.1.0.2.jar//org.kingdoms.services.maps.MapLandManager.createAreasFromWorlds(MapLandManager.java:54)
	at Kingdoms-Addon-Map Viewers-3.1.0.2.jar//org.kingdoms.services.maps.MapServiceProvider.updateLands(MapServiceProvider.java:99)
	at Kingdoms-Addon-Map Viewers-3.1.0.2.jar//org.kingdoms.services.maps.ServiceMap.updateLands(ServiceMap.java:310)
	at Kingdoms-Addon-Map Viewers-3.1.0.2.jar//org.kingdoms.services.maps.ServiceMap.lambda$loadMarkersSettings$1(ServiceMap.java:93)
	at Kingdoms-Addon-Map Viewers-3.1.0.2.jar//org.kingdoms.services.maps.abstraction.markersets.MarkerListenerType$Kingdoms.onUpdate(MarkerListenerType.java:38)
	at Kingdoms-Addon-Map Viewers-3.1.0.2.jar//org.kingdoms.services.maps.ServiceMap.updateLands(ServiceMap.java:203)
	at Kingdoms-Addon-Map Viewers-3.1.0.2.jar//org.kingdoms.services.maps.MapEventHandlers.lambda$updateKingdomLands$0(MapEventHandlers.java:72)
	at KingdomsX-1.17.20-BETA.jar//org.kingdoms.scheduler.TaskScheduler.delayed(TaskScheduler.java:36)
	at Kingdoms-Addon-Map Viewers-3.1.0.2.jar//org.kingdoms.services.maps.MapEventHandlers.updateKingdomLands(MapEventHandlers.java:72)
	at Kingdoms-Addon-Map Viewers-3.1.0.2.jar//org.kingdoms.services.maps.MapEventHandlers.updateGroup(MapEventHandlers.java:86)
	at Kingdoms-Addon-Map Viewers-3.1.0.2.jar//org.kingdoms.services.maps.MapEventHandlers.onJoinEvent(MapEventHandlers.java:113)
	at co.aikar.timings.TimedEventExecutor.execute(TimedEventExecutor.java:80)
	at org.bukkit.plugin.RegisteredListener.callEvent(RegisteredListener.java:71)
	at io.papermc.paper.plugin.manager.PaperEventManager.callEvent(PaperEventManager.java:54)
	at io.papermc.paper.plugin.manager.PaperPluginManagerImpl.callEvent(PaperPluginManagerImpl.java:131)
	at org.bukkit.plugin.SimplePluginManager.callEvent(SimplePluginManager.java:628)
	at KingdomsX-1.17.20-BETA.jar//org.kingdoms.constants.player.KingdomPlayer.joinKingdom(KingdomPlayer.java:344)
	at KingdomsX-1.17.20-BETA.jar//org.kingdoms.constants.player.KingdomPlayer.joinKingdom(KingdomPlayer.java:334)
	at KingdomsX-1.17.20-BETA.jar//org.kingdoms.constants.group.Kingdom.<init>(Kingdom.java:197)
	at KingdomsX-1.17.20-BETA.jar//org.kingdoms.commands.general.others.CommandCreate.execute(CommandCreate.java:90)
	at KingdomsX-1.17.20-BETA.jar//org.kingdoms.commands.KingdomsCommandHandler.a(KingdomsCommandHandler.java:444)
	at KingdomsX-1.17.20-BETA.jar//org.kingdoms.commands.KingdomsCommandHandler.a(KingdomsCommandHandler.java:401)
	at KingdomsX-1.17.20-BETA.jar//org.kingdoms.commands.KingdomsCommandHandler.handle(KingdomsCommandHandler.java:391)
	at KingdomsX-1.17.20-BETA.jar//org.kingdoms.commands.KingdomsCommandHandler.onCommand(KingdomsCommandHandler.java:470)
	at org.bukkit.command.PluginCommand.execute(PluginCommand.java:45)
	at io.papermc.paper.command.brigadier.bukkit.BukkitCommandNode$BukkitBrigCommand.run(BukkitCommandNode.java:83)
	at com.mojang.brigadier.context.ContextChain.runExecutable(ContextChain.java:73)
	at net.minecraft.commands.execution.tasks.ExecuteCommand.execute(ExecuteCommand.java:30)
	at net.minecraft.commands.execution.tasks.ExecuteCommand.execute(ExecuteCommand.java:13)
	at net.minecraft.commands.execution.UnboundEntryAction.lambda$bind$0(UnboundEntryAction.java:8)
	at net.minecraft.commands.execution.CommandQueueEntry.execute(CommandQueueEntry.java:5)
	at net.minecraft.commands.execution.ExecutionContext.runCommandQueue(ExecutionContext.java:105)
	at net.minecraft.commands.Commands.executeCommandInContext(Commands.java:451)
	at net.minecraft.commands.Commands.performCommand(Commands.java:357)
	at net.minecraft.commands.Commands.performCommand(Commands.java:345)
	at net.minecraft.server.network.ServerGamePacketListenerImpl.performUnsignedChatCommand(ServerGamePacketListenerImpl.java:2313)
	at net.minecraft.server.network.ServerGamePacketListenerImpl.lambda$handleChatCommand$12(ServerGamePacketListenerImpl.java:2286)
	at net.minecraft.server.TickTask.run(TickTask.java:18)
	at net.minecraft.util.thread.BlockableEventLoop.doRunTask(BlockableEventLoop.java:155)
	at net.minecraft.util.thread.ReentrantBlockableEventLoop.doRunTask(ReentrantBlockableEventLoop.java:24)
	at net.minecraft.server.MinecraftServer.doRunTask(MinecraftServer.java:1449)
	at net.minecraft.server.MinecraftServer.doRunTask(MinecraftServer.java:176)
	at net.minecraft.util.thread.BlockableEventLoop.pollTask(BlockableEventLoop.java:129)
	at net.minecraft.server.MinecraftServer.pollTaskInternal(MinecraftServer.java:1429)
	at net.minecraft.server.MinecraftServer.pollTask(MinecraftServer.java:1423)
	at net.minecraft.util.thread.BlockableEventLoop.managedBlock(BlockableEventLoop.java:139)
	at net.minecraft.server.MinecraftServer.managedBlock(MinecraftServer.java:1380)
	at net.minecraft.server.MinecraftServer.waitUntilNextTick(MinecraftServer.java:1388)
	at net.minecraft.server.MinecraftServer.runServer(MinecraftServer.java:1265)
	at net.minecraft.server.MinecraftServer.lambda$spin$2(MinecraftServer.java:310)
	at java.base/java.lang.Thread.run(Thread.java:1583)
----------------------------------------------------------
[10:40:21] java.lang.NullPointerException: Cannot invoke "org.dynmap.markers.MarkerSet.findAreaMarker(String)" because "markerSet" is null
	at Kingdoms-Addon-Map Viewers-3.1.0.2.jar//org.kingdoms.services.maps.dynmap.ServiceDynmap.createLandMarkers(ServiceDynmap.java:140)
	at Kingdoms-Addon-Map Viewers-3.1.0.2.jar//org.kingdoms.services.maps.MapLandManager.createAreas(MapLandManager.java:89)
	at Kingdoms-Addon-Map Viewers-3.1.0.2.jar//org.kingdoms.services.maps.MapLandManager.createAreasFromWorlds(MapLandManager.java:54)
	at Kingdoms-Addon-Map Viewers-3.1.0.2.jar//org.kingdoms.services.maps.MapServiceProvider.updateLands(MapServiceProvider.java:99)
	at Kingdoms-Addon-Map Viewers-3.1.0.2.jar//org.kingdoms.services.maps.ServiceMap.updateLands(ServiceMap.java:310)
	at Kingdoms-Addon-Map Viewers-3.1.0.2.jar//org.kingdoms.services.maps.ServiceMap.lambda$loadMarkersSettings$1(ServiceMap.java:93)
	at Kingdoms-Addon-Map Viewers-3.1.0.2.jar//org.kingdoms.services.maps.abstraction.markersets.MarkerListenerType$Kingdoms.onUpdate(MarkerListenerType.java:38)
	at Kingdoms-Addon-Map Viewers-3.1.0.2.jar//org.kingdoms.services.maps.ServiceMap.updateLands(ServiceMap.java:203)
	at Kingdoms-Addon-Map Viewers-3.1.0.2.jar//org.kingdoms.services.maps.MapEventHandlers.lambda$updateKingdomLands$0(MapEventHandlers.java:72)
	at KingdomsX-1.17.20-BETA.jar//org.kingdoms.scheduler.TaskScheduler.delayed(TaskScheduler.java:36)
	at Kingdoms-Addon-Map Viewers-3.1.0.2.jar//org.kingdoms.services.maps.MapEventHandlers.updateKingdomLands(MapEventHandlers.java:72)
	at Kingdoms-Addon-Map Viewers-3.1.0.2.jar//org.kingdoms.services.maps.MapEventHandlers.onClaim(MapEventHandlers.java:56)
	at co.aikar.timings.TimedEventExecutor.execute(TimedEventExecutor.java:80)
	at org.bukkit.plugin.RegisteredListener.callEvent(RegisteredListener.java:71)
	at io.papermc.paper.plugin.manager.PaperEventManager.callEvent(PaperEventManager.java:54)
	at io.papermc.paper.plugin.manager.PaperPluginManagerImpl.callEvent(PaperPluginManagerImpl.java:131)
	at org.bukkit.plugin.SimplePluginManager.callEvent(SimplePluginManager.java:628)
	at KingdomsX-1.17.20-BETA.jar//org.kingdoms.constants.group.Kingdom.claim(Kingdom.java:430)
	at KingdomsX-1.17.20-BETA.jar//org.kingdoms.commands.general.others.CommandCreate.execute(CommandCreate.java:143)
	at KingdomsX-1.17.20-BETA.jar//org.kingdoms.commands.KingdomsCommandHandler.a(KingdomsCommandHandler.java:444)
	at KingdomsX-1.17.20-BETA.jar//org.kingdoms.commands.KingdomsCommandHandler.a(KingdomsCommandHandler.java:401)
	at KingdomsX-1.17.20-BETA.jar//org.kingdoms.commands.KingdomsCommandHandler.handle(KingdomsCommandHandler.java:391)
	at KingdomsX-1.17.20-BETA.jar//org.kingdoms.commands.KingdomsCommandHandler.onCommand(KingdomsCommandHandler.java:470)
	at org.bukkit.command.PluginCommand.execute(PluginCommand.java:45)
	at io.papermc.paper.command.brigadier.bukkit.BukkitCommandNode$BukkitBrigCommand.run(BukkitCommandNode.java:83)
	at com.mojang.brigadier.context.ContextChain.runExecutable(ContextChain.java:73)
	at net.minecraft.commands.execution.tasks.ExecuteCommand.execute(ExecuteCommand.java:30)
	at net.minecraft.commands.execution.tasks.ExecuteCommand.execute(ExecuteCommand.java:13)
	at net.minecraft.commands.execution.UnboundEntryAction.lambda$bind$0(UnboundEntryAction.java:8)
	at net.minecraft.commands.execution.CommandQueueEntry.execute(CommandQueueEntry.java:5)
	at net.minecraft.commands.execution.ExecutionContext.runCommandQueue(ExecutionContext.java:105)
	at net.minecraft.commands.Commands.executeCommandInContext(Commands.java:451)
	at net.minecraft.commands.Commands.performCommand(Commands.java:357)
	at net.minecraft.commands.Commands.performCommand(Commands.java:345)
	at net.minecraft.server.network.ServerGamePacketListenerImpl.performUnsignedChatCommand(ServerGamePacketListenerImpl.java:2313)
	at net.minecraft.server.network.ServerGamePacketListenerImpl.lambda$handleChatCommand$12(ServerGamePacketListenerImpl.java:2286)
	at net.minecraft.server.TickTask.run(TickTask.java:18)
	at net.minecraft.util.thread.BlockableEventLoop.doRunTask(BlockableEventLoop.java:155)
	at net.minecraft.util.thread.ReentrantBlockableEventLoop.doRunTask(ReentrantBlockableEventLoop.java:24)
	at net.minecraft.server.MinecraftServer.doRunTask(MinecraftServer.java:1449)
	at net.minecraft.server.MinecraftServer.doRunTask(MinecraftServer.java:176)
	at net.minecraft.util.thread.BlockableEventLoop.pollTask(BlockableEventLoop.java:129)
	at net.minecraft.server.MinecraftServer.pollTaskInternal(MinecraftServer.java:1429)
	at net.minecraft.server.MinecraftServer.pollTask(MinecraftServer.java:1423)
	at net.minecraft.util.thread.BlockableEventLoop.managedBlock(BlockableEventLoop.java:139)
	at net.minecraft.server.MinecraftServer.managedBlock(MinecraftServer.java:1380)
	at net.minecraft.server.MinecraftServer.waitUntilNextTick(MinecraftServer.java:1388)
	at net.minecraft.server.MinecraftServer.runServer(MinecraftServer.java:1265)
	at net.minecraft.server.MinecraftServer.lambda$spin$2(MinecraftServer.java:310)
	at java.base/java.lang.Thread.run(Thread.java:1583)
----------------------------------------------------------
[10:40:23] edsthilaire121 has changed their kingdom GAME pacifism state: false
[10:40:42] GAME has been disbanded for SELF
[10:40:48] edsthilaire121 has joined GAME kingdom.
[10:40:48] A kingdom named GAME has been created for edsthilaire121
[10:40:49] java.lang.NullPointerException: Cannot invoke "org.dynmap.markers.MarkerSet.findAreaMarker(String)" because "markerSet" is null
	at Kingdoms-Addon-Map Viewers-3.1.0.2.jar//org.kingdoms.services.maps.dynmap.ServiceDynmap.createLandMarkers(ServiceDynmap.java:140)
	at Kingdoms-Addon-Map Viewers-3.1.0.2.jar//org.kingdoms.services.maps.MapLandManager.createAreas(MapLandManager.java:89)
	at Kingdoms-Addon-Map Viewers-3.1.0.2.jar//org.kingdoms.services.maps.MapLandManager.createAreasFromWorlds(MapLandManager.java:54)
	at Kingdoms-Addon-Map Viewers-3.1.0.2.jar//org.kingdoms.services.maps.MapServiceProvider.updateLands(MapServiceProvider.java:99)
	at Kingdoms-Addon-Map Viewers-3.1.0.2.jar//org.kingdoms.services.maps.ServiceMap.updateLands(ServiceMap.java:310)
	at Kingdoms-Addon-Map Viewers-3.1.0.2.jar//org.kingdoms.services.maps.ServiceMap.lambda$loadMarkersSettings$1(ServiceMap.java:93)
	at Kingdoms-Addon-Map Viewers-3.1.0.2.jar//org.kingdoms.services.maps.abstraction.markersets.MarkerListenerType$Kingdoms.onUpdate(MarkerListenerType.java:38)
	at Kingdoms-Addon-Map Viewers-3.1.0.2.jar//org.kingdoms.services.maps.ServiceMap.updateLands(ServiceMap.java:203)
	at Kingdoms-Addon-Map Viewers-3.1.0.2.jar//org.kingdoms.services.maps.MapEventHandlers.lambda$updateKingdomLands$0(MapEventHandlers.java:72)
	at KingdomsX-1.17.20-BETA.jar//org.kingdoms.scheduler.TaskScheduler.delayed(TaskScheduler.java:36)
	at Kingdoms-Addon-Map Viewers-3.1.0.2.jar//org.kingdoms.services.maps.MapEventHandlers.updateKingdomLands(MapEventHandlers.java:72)
	at Kingdoms-Addon-Map Viewers-3.1.0.2.jar//org.kingdoms.services.maps.MapEventHandlers.updateGroup(MapEventHandlers.java:86)
	at Kingdoms-Addon-Map Viewers-3.1.0.2.jar//org.kingdoms.services.maps.MapEventHandlers.onJoinEvent(MapEventHandlers.java:113)
	at co.aikar.timings.TimedEventExecutor.execute(TimedEventExecutor.java:80)
	at org.bukkit.plugin.RegisteredListener.callEvent(RegisteredListener.java:71)
	at io.papermc.paper.plugin.manager.PaperEventManager.callEvent(PaperEventManager.java:54)
	at io.papermc.paper.plugin.manager.PaperPluginManagerImpl.callEvent(PaperPluginManagerImpl.java:131)
	at org.bukkit.plugin.SimplePluginManager.callEvent(SimplePluginManager.java:628)
	at KingdomsX-1.17.20-BETA.jar//org.kingdoms.constants.player.KingdomPlayer.joinKingdom(KingdomPlayer.java:344)
	at KingdomsX-1.17.20-BETA.jar//org.kingdoms.constants.player.KingdomPlayer.joinKingdom(KingdomPlayer.java:334)
	at KingdomsX-1.17.20-BETA.jar//org.kingdoms.constants.group.Kingdom.<init>(Kingdom.java:197)
	at KingdomsX-1.17.20-BETA.jar//org.kingdoms.commands.general.others.CommandCreate.execute(CommandCreate.java:90)
	at KingdomsX-1.17.20-BETA.jar//org.kingdoms.commands.KingdomsCommandHandler.a(KingdomsCommandHandler.java:444)
	at KingdomsX-1.17.20-BETA.jar//org.kingdoms.commands.KingdomsCommandHandler.a(KingdomsCommandHandler.java:401)
	at KingdomsX-1.17.20-BETA.jar//org.kingdoms.commands.KingdomsCommandHandler.handle(KingdomsCommandHandler.java:391)
	at KingdomsX-1.17.20-BETA.jar//org.kingdoms.commands.KingdomsCommandHandler.onCommand(KingdomsCommandHandler.java:470)
	at org.bukkit.command.PluginCommand.execute(PluginCommand.java:45)
	at io.papermc.paper.command.brigadier.bukkit.BukkitCommandNode$BukkitBrigCommand.run(BukkitCommandNode.java:83)
	at com.mojang.brigadier.context.ContextChain.runExecutable(ContextChain.java:73)
	at net.minecraft.commands.execution.tasks.ExecuteCommand.execute(ExecuteCommand.java:30)
	at net.minecraft.commands.execution.tasks.ExecuteCommand.execute(ExecuteCommand.java:13)
	at net.minecraft.commands.execution.UnboundEntryAction.lambda$bind$0(UnboundEntryAction.java:8)
	at net.minecraft.commands.execution.CommandQueueEntry.execute(CommandQueueEntry.java:5)
	at net.minecraft.commands.execution.ExecutionContext.runCommandQueue(ExecutionContext.java:105)
	at net.minecraft.commands.Commands.executeCommandInContext(Commands.java:451)
	at net.minecraft.commands.Commands.performCommand(Commands.java:357)
	at net.minecraft.commands.Commands.performCommand(Commands.java:345)
	at net.minecraft.server.network.ServerGamePacketListenerImpl.performUnsignedChatCommand(ServerGamePacketListenerImpl.java:2313)
	at net.minecraft.server.network.ServerGamePacketListenerImpl.lambda$handleChatCommand$12(ServerGamePacketListenerImpl.java:2286)
	at net.minecraft.server.TickTask.run(TickTask.java:18)
	at net.minecraft.util.thread.BlockableEventLoop.doRunTask(BlockableEventLoop.java:155)
	at net.minecraft.util.thread.ReentrantBlockableEventLoop.doRunTask(ReentrantBlockableEventLoop.java:24)
	at net.minecraft.server.MinecraftServer.doRunTask(MinecraftServer.java:1449)
	at net.minecraft.server.MinecraftServer.doRunTask(MinecraftServer.java:176)
	at net.minecraft.util.thread.BlockableEventLoop.pollTask(BlockableEventLoop.java:129)
	at net.minecraft.server.MinecraftServer.pollTaskInternal(MinecraftServer.java:1429)
	at net.minecraft.server.MinecraftServer.pollTask(MinecraftServer.java:1423)
	at net.minecraft.util.thread.BlockableEventLoop.managedBlock(BlockableEventLoop.java:139)
	at net.minecraft.server.MinecraftServer.managedBlock(MinecraftServer.java:1380)
	at net.minecraft.server.MinecraftServer.waitUntilNextTick(MinecraftServer.java:1388)
	at net.minecraft.server.MinecraftServer.runServer(MinecraftServer.java:1265)
	at net.minecraft.server.MinecraftServer.lambda$spin$2(MinecraftServer.java:310)
	at java.base/java.lang.Thread.run(Thread.java:1583)
----------------------------------------------------------
[10:40:49] java.lang.NullPointerException: Cannot invoke "org.dynmap.markers.MarkerSet.findAreaMarker(String)" because "markerSet" is null
	at Kingdoms-Addon-Map Viewers-3.1.0.2.jar//org.kingdoms.services.maps.dynmap.ServiceDynmap.createLandMarkers(ServiceDynmap.java:140)
	at Kingdoms-Addon-Map Viewers-3.1.0.2.jar//org.kingdoms.services.maps.MapLandManager.createAreas(MapLandManager.java:89)
	at Kingdoms-Addon-Map Viewers-3.1.0.2.jar//org.kingdoms.services.maps.MapLandManager.createAreasFromWorlds(MapLandManager.java:54)
	at Kingdoms-Addon-Map Viewers-3.1.0.2.jar//org.kingdoms.services.maps.MapServiceProvider.updateLands(MapServiceProvider.java:99)
	at Kingdoms-Addon-Map Viewers-3.1.0.2.jar//org.kingdoms.services.maps.ServiceMap.updateLands(ServiceMap.java:310)
	at Kingdoms-Addon-Map Viewers-3.1.0.2.jar//org.kingdoms.services.maps.ServiceMap.lambda$loadMarkersSettings$1(ServiceMap.java:93)
	at Kingdoms-Addon-Map Viewers-3.1.0.2.jar//org.kingdoms.services.maps.abstraction.markersets.MarkerListenerType$Kingdoms.onUpdate(MarkerListenerType.java:38)
	at Kingdoms-Addon-Map Viewers-3.1.0.2.jar//org.kingdoms.services.maps.ServiceMap.updateLands(ServiceMap.java:203)
	at Kingdoms-Addon-Map Viewers-3.1.0.2.jar//org.kingdoms.services.maps.MapEventHandlers.lambda$updateKingdomLands$0(MapEventHandlers.java:72)
	at KingdomsX-1.17.20-BETA.jar//org.kingdoms.scheduler.TaskScheduler.delayed(TaskScheduler.java:36)
	at Kingdoms-Addon-Map Viewers-3.1.0.2.jar//org.kingdoms.services.maps.MapEventHandlers.updateKingdomLands(MapEventHandlers.java:72)
	at Kingdoms-Addon-Map Viewers-3.1.0.2.jar//org.kingdoms.services.maps.MapEventHandlers.onKingdomCreate(MapEventHandlers.java:67)
	at co.aikar.timings.TimedEventExecutor.execute(TimedEventExecutor.java:80)
	at org.bukkit.plugin.RegisteredListener.callEvent(RegisteredListener.java:71)
	at io.papermc.paper.plugin.manager.PaperEventManager.callEvent(PaperEventManager.java:54)
	at io.papermc.paper.plugin.manager.PaperPluginManagerImpl.callEvent(PaperPluginManagerImpl.java:131)
	at org.bukkit.plugin.SimplePluginManager.callEvent(SimplePluginManager.java:628)
	at KingdomsX-1.17.20-BETA.jar//org.kingdoms.constants.group.Kingdom.<init>(Kingdom.java:206)
	at KingdomsX-1.17.20-BETA.jar//org.kingdoms.commands.general.others.CommandCreate.execute(CommandCreate.java:90)
	at KingdomsX-1.17.20-BETA.jar//org.kingdoms.commands.KingdomsCommandHandler.a(KingdomsCommandHandler.java:444)
	at KingdomsX-1.17.20-BETA.jar//org.kingdoms.commands.KingdomsCommandHandler.a(KingdomsCommandHandler.java:401)
	at KingdomsX-1.17.20-BETA.jar//org.kingdoms.commands.KingdomsCommandHandler.handle(KingdomsCommandHandler.java:391)
	at KingdomsX-1.17.20-BETA.jar//org.kingdoms.commands.KingdomsCommandHandler.onCommand(KingdomsCommandHandler.java:470)
	at org.bukkit.command.PluginCommand.execute(PluginCommand.java:45)
	at io.papermc.paper.command.brigadier.bukkit.BukkitCommandNode$BukkitBrigCommand.run(BukkitCommandNode.java:83)
	at com.mojang.brigadier.context.ContextChain.runExecutable(ContextChain.java:73)
	at net.minecraft.commands.execution.tasks.ExecuteCommand.execute(ExecuteCommand.java:30)
	at net.minecraft.commands.execution.tasks.ExecuteCommand.execute(ExecuteCommand.java:13)
	at net.minecraft.commands.execution.UnboundEntryAction.lambda$bind$0(UnboundEntryAction.java:8)
	at net.minecraft.commands.execution.CommandQueueEntry.execute(CommandQueueEntry.java:5)
	at net.minecraft.commands.execution.ExecutionContext.runCommandQueue(ExecutionContext.java:105)
	at net.minecraft.commands.Commands.executeCommandInContext(Commands.java:451)
	at net.minecraft.commands.Commands.performCommand(Commands.java:357)
	at net.minecraft.commands.Commands.performCommand(Commands.java:345)
	at net.minecraft.server.network.ServerGamePacketListenerImpl.performUnsignedChatCommand(ServerGamePacketListenerImpl.java:2313)
	at net.minecraft.server.network.ServerGamePacketListenerImpl.lambda$handleChatCommand$12(ServerGamePacketListenerImpl.java:2286)
	at net.minecraft.server.TickTask.run(TickTask.java:18)
	at net.minecraft.util.thread.BlockableEventLoop.doRunTask(BlockableEventLoop.java:155)
	at net.minecraft.util.thread.ReentrantBlockableEventLoop.doRunTask(ReentrantBlockableEventLoop.java:24)
	at net.minecraft.server.MinecraftServer.doRunTask(MinecraftServer.java:1449)
	at net.minecraft.server.MinecraftServer.doRunTask(MinecraftServer.java:176)
	at net.minecraft.util.thread.BlockableEventLoop.pollTask(BlockableEventLoop.java:129)
	at net.minecraft.server.MinecraftServer.pollTaskInternal(MinecraftServer.java:1429)
	at net.minecraft.server.MinecraftServer.pollTask(MinecraftServer.java:1423)
	at net.minecraft.util.thread.BlockableEventLoop.managedBlock(BlockableEventLoop.java:139)
	at net.minecraft.server.MinecraftServer.managedBlock(MinecraftServer.java:1380)
	at net.minecraft.server.MinecraftServer.waitUntilNextTick(MinecraftServer.java:1388)
	at net.minecraft.server.MinecraftServer.runServer(MinecraftServer.java:1265)
	at net.minecraft.server.MinecraftServer.lambda$spin$2(MinecraftServer.java:310)
	at java.base/java.lang.Thread.run(Thread.java:1583)
----------------------------------------------------------
[10:40:49] java.lang.NullPointerException: Cannot invoke "org.dynmap.markers.MarkerSet.findAreaMarker(String)" because "markerSet" is null
	at Kingdoms-Addon-Map Viewers-3.1.0.2.jar//org.kingdoms.services.maps.dynmap.ServiceDynmap.createLandMarkers(ServiceDynmap.java:140)
	at Kingdoms-Addon-Map Viewers-3.1.0.2.jar//org.kingdoms.services.maps.MapLandManager.createAreas(MapLandManager.java:89)
	at Kingdoms-Addon-Map Viewers-3.1.0.2.jar//org.kingdoms.services.maps.MapLandManager.createAreasFromWorlds(MapLandManager.java:54)
	at Kingdoms-Addon-Map Viewers-3.1.0.2.jar//org.kingdoms.services.maps.MapServiceProvider.updateLands(MapServiceProvider.java:99)
	at Kingdoms-Addon-Map Viewers-3.1.0.2.jar//org.kingdoms.services.maps.ServiceMap.updateLands(ServiceMap.java:310)
	at Kingdoms-Addon-Map Viewers-3.1.0.2.jar//org.kingdoms.services.maps.ServiceMap.lambda$loadMarkersSettings$1(ServiceMap.java:93)
	at Kingdoms-Addon-Map Viewers-3.1.0.2.jar//org.kingdoms.services.maps.abstraction.markersets.MarkerListenerType$Kingdoms.onUpdate(MarkerListenerType.java:38)
	at Kingdoms-Addon-Map Viewers-3.1.0.2.jar//org.kingdoms.services.maps.ServiceMap.updateLands(ServiceMap.java:203)
	at Kingdoms-Addon-Map Viewers-3.1.0.2.jar//org.kingdoms.services.maps.MapEventHandlers.lambda$updateKingdomLands$0(MapEventHandlers.java:72)
	at KingdomsX-1.17.20-BETA.jar//org.kingdoms.scheduler.TaskScheduler.delayed(TaskScheduler.java:36)
	at Kingdoms-Addon-Map Viewers-3.1.0.2.jar//org.kingdoms.services.maps.MapEventHandlers.updateKingdomLands(MapEventHandlers.java:72)
	at Kingdoms-Addon-Map Viewers-3.1.0.2.jar//org.kingdoms.services.maps.MapEventHandlers.onClaim(MapEventHandlers.java:56)
	at co.aikar.timings.TimedEventExecutor.execute(TimedEventExecutor.java:80)
	at org.bukkit.plugin.RegisteredListener.callEvent(RegisteredListener.java:71)
	at io.papermc.paper.plugin.manager.PaperEventManager.callEvent(PaperEventManager.java:54)
	at io.papermc.paper.plugin.manager.PaperPluginManagerImpl.callEvent(PaperPluginManagerImpl.java:131)
	at org.bukkit.plugin.SimplePluginManager.callEvent(SimplePluginManager.java:628)
	at KingdomsX-1.17.20-BETA.jar//org.kingdoms.constants.group.Kingdom.claim(Kingdom.java:430)
	at KingdomsX-1.17.20-BETA.jar//org.kingdoms.commands.general.others.CommandCreate.execute(CommandCreate.java:143)
	at KingdomsX-1.17.20-BETA.jar//org.kingdoms.commands.KingdomsCommandHandler.a(KingdomsCommandHandler.java:444)
	at KingdomsX-1.17.20-BETA.jar//org.kingdoms.commands.KingdomsCommandHandler.a(KingdomsCommandHandler.java:401)
	at KingdomsX-1.17.20-BETA.jar//org.kingdoms.commands.KingdomsCommandHandler.handle(KingdomsCommandHandler.java:391)
	at KingdomsX-1.17.20-BETA.jar//org.kingdoms.commands.KingdomsCommandHandler.onCommand(KingdomsCommandHandler.java:470)
	at org.bukkit.command.PluginCommand.execute(PluginCommand.java:45)
	at io.papermc.paper.command.brigadier.bukkit.BukkitCommandNode$BukkitBrigCommand.run(BukkitCommandNode.java:83)
	at com.mojang.brigadier.context.ContextChain.runExecutable(ContextChain.java:73)
	at net.minecraft.commands.execution.tasks.ExecuteCommand.execute(ExecuteCommand.java:30)
	at net.minecraft.commands.execution.tasks.ExecuteCommand.execute(ExecuteCommand.java:13)
	at net.minecraft.commands.execution.UnboundEntryAction.lambda$bind$0(UnboundEntryAction.java:8)
	at net.minecraft.commands.execution.CommandQueueEntry.execute(CommandQueueEntry.java:5)
	at net.minecraft.commands.execution.ExecutionContext.runCommandQueue(ExecutionContext.java:105)
	at net.minecraft.commands.Commands.executeCommandInContext(Commands.java:451)
	at net.minecraft.commands.Commands.performCommand(Commands.java:357)
	at net.minecraft.commands.Commands.performCommand(Commands.java:345)
	at net.minecraft.server.network.ServerGamePacketListenerImpl.performUnsignedChatCommand(ServerGamePacketListenerImpl.java:2313)
	at net.minecraft.server.network.ServerGamePacketListenerImpl.lambda$handleChatCommand$12(ServerGamePacketListenerImpl.java:2286)
	at net.minecraft.server.TickTask.run(TickTask.java:18)
	at net.minecraft.util.thread.BlockableEventLoop.doRunTask(BlockableEventLoop.java:155)
	at net.minecraft.util.thread.ReentrantBlockableEventLoop.doRunTask(ReentrantBlockableEventLoop.java:24)
	at net.minecraft.server.MinecraftServer.doRunTask(MinecraftServer.java:1449)
	at net.minecraft.server.MinecraftServer.doRunTask(MinecraftServer.java:176)
	at net.minecraft.util.thread.BlockableEventLoop.pollTask(BlockableEventLoop.java:129)
	at net.minecraft.server.MinecraftServer.pollTaskInternal(MinecraftServer.java:1429)
	at net.minecraft.server.MinecraftServer.pollTask(MinecraftServer.java:1423)
	at net.minecraft.util.thread.BlockableEventLoop.managedBlock(BlockableEventLoop.java:139)
	at net.minecraft.server.MinecraftServer.managedBlock(MinecraftServer.java:1380)
	at net.minecraft.server.MinecraftServer.waitUntilNextTick(MinecraftServer.java:1388)
	at net.minecraft.server.MinecraftServer.runServer(MinecraftServer.java:1265)
	at net.minecraft.server.MinecraftServer.lambda$spin$2(MinecraftServer.java:310)
	at java.base/java.lang.Thread.run(Thread.java:1583)
----------------------------------------------------------
[10:40:51] edsthilaire121 has changed their kingdom GAME pacifism state: false
[10:58:06] Plugin disabled


[11:05:57] Starting daily checks services...
[11:05:57] Timezone: Etc/UTC
[11:05:57] Cycle time: 12:00
[11:05:57] Last perform: null
[11:05:57] [ProlongedTask/daily checks] Triggered reminder. Next: 1 day(s), 08:05:57
[11:23:41] Plugin disabled


[11:25:22] Starting daily checks services...
[11:25:22] Timezone: Etc/UTC
[11:25:22] Cycle time: 12:00
[11:25:22] Last perform: null
[11:25:22] [ProlongedTask/daily checks] Triggered reminder. Next: 1 day(s), 08:25:22
